365	さんびゃくろくじゅうご
1776	せんななひゃくななじゅうろく
5	ご
7000000	ななせんまん
14	じゅうよん|いちじゅうよん
48	よんじゅうはち
100000	十万
828	はっぴゃくにじゅうはち
1887	千八百八十七
160	ひゃくろくじゅう
8848	はっせんはちふんよんじゅうはち
123	ひゃくにじゅうさん
15,000	いちまんごせん
500,000	ごじゅうまん
1997	せんきゅうひゃくきゅうじゅうなな
3000	さんぜん
185	百八十五
15000	いちまんごせん
500000	ごじゅうまん
75000	ななまんごせん
799	ななひゃくきゅうじゅうきゅう
3	さん
9	きゅう
100	百
50	ごじゅう
7	しち
25	にじゅうご
400	よんひゃく
3,500,000	さんひゃくごじゅうまん
369	さんびゃくろくじゅうきゅう
5,500	ごせんごひゃく
124,700,000	ひゃくにじゅうよんまんななせん|いちにんじゅうよんまんななせん|ひゃくにじゅうよんまんななひゃく
1,200	せんにひゃく
2,100	にせんいっひゃく
120	ひゃくにじゅう
101	ひゃくいち
5000	ごせん
16000	いちまんろくせん
28	にじゅうはち
10994	いちまんきゅうせんきゅうひゃくきゅうじゅうよん
21,000	にまんいちせん
173,000	せんななひゃくさんじゅう
5,895	ごせんはっぴゃくきゅうじゅうご
13,515,271	いちせんさんびゃくごじゅうごまんにせんななひゃくじゅういち
42	よんじゅうに
250,000	にじゅうごまん
600	ろっぴゃく
1,000	せん
6,500	ろくせんごひゃく
11,000	いちまんいちせん
29,029	にまんきゅうひゃくにじゅうきゅう|にまんきゅうひゃくにじゅうきゅう
90	きゅうじゅう
200,000	にじゅうまん
4	し
13	じゅうさん
2,500	にせんごひゃく
3,000	さんぜん
1300	せんさんびゃく
102	ひゃくに
300	さんびゃく
36	さんじゅうろく
12	じゅうに
78	ななじゅうはち
1,500,000	せんごひゃくまん
70	ななじゅう
364	さんびゃくろくじゅうよん
32	さんじゅうに
1200	せんにひゃく
20	にじゅう
1000000	百万
2	に
50,000	ごまん
2300	にせんさんびゃく
4202	よんせんにひゃくに
5500	ごせんごひゃく
3700	さんせんななひゃく
45000	よんまんごせん
150000	じゅうごまん
17500	いちまんななせんごひゃく
65	ろくじゅうご
24	にじゅうよん
2,500,000	にせんごひゃくまん
35,000	さんまんごせん
80	はちじゅう
72	ななじゅうに
220	にひゃくにじゅう
2000	にせん
145	ひゃくよんじゅうご
24000	にまんよんせん
120000	じゅうにまん
16,000	いちまんろくせん
1,500	せんごひゃく
2,717	にせんななひゃくじゅうしち
4,100	よんせんいっひゃく
195	ひゃくきゅうじゅうご
80,000	はちまん
10	じゅう
214	にひゃくじゅうよん
62,000	ろくまんにせん
25,000	にまんごせん
30	さんじゅう
104	ひゃくよん
51,000	ごまんいちせん
87,000	はちまんななせん
2,130	にせんひゃくさんじゅう
17	じゅうしち
75	ななじゅうご|しちじゅうご
632	ろっぴゃくさんじゅうに
45	よんじゅうご
27	にじゅうしち
118	ひゃくじゅうはち
15	じゅうご
10000	いちまん
500	ごひゃく
1,000,000	ひゃくまん
800	はっぴゃく
3,750,000	さんひゃくごじゅうまん
12,500	いちまんにせんごひゃく
100,000	じゅうまん
2,300,000	にせんさんびゃくまん
344	さんびゃくよんじゅうよん
356	さんびゃくごじゅうろく
576	ごひゃくななじゅうろく
12,000	いちまんにせん
235,000	にじゅうさんまんごせん
660,253	ろくじゅうろくまんにせんにひゃくごじゅうさん
18,462	いちまんはっせんよんひゃくろくじゅうに
60	ろくじゅう
10,994	いちまんきゅうせんきゅうひゃくよんじゅうよん
70,000,000,000,000	ななじゅうまんおく
324	さんびゃくにじゅうよん
987	きゅうひゃくはちじゅうなな
108	ひゃくはち
4,375,000	よんせんさんひゃくななじゅうごまん
22	にじゅうに
4000	四千 (よんせん)
6000	ろくせん
180	百八十
30000	さんまん
14,786	いちまんななせんはっぴゃくはちじゅうろく
5,000	ごせん
20,000	にまん
2,800	にせんはっぴゃく
9,500	きゅうせんごひゃく
1889	千八百八十九
5895	ごせんはっぴゃくきゅうじゅうご
26	にじゅうろく
163	ひゃくろくじゅうさん
364,000	さんじゅうろくまんよんせん|さんじゅうろくまんよんせん|さんじゅうろっまん|さんじゅうろっまんよんせん|さんじゅうろくまん
130	ひゃくさんじゅう
344,400	さんじゅうよんまんよんせんよんひゃく|さんじゅうよんまんよんせんよんひゃく
6,600	ろくせんろくひゃく
3,530	さんせんごひゃくさんじゅう
1,500,230	せんごひゃくまんにじゅう|いっせんごひゃくにじゅう
8,848	はっせんはちひゃくよんじゅうはち
297	にひゃくきゅうじゅうなな
1063	せんろっじゅうろく|いっせんろっじゅうさん
150,000	じゅうごまん
250	にひゃくごじゅう
13,170	いちまんさんせんひゃくななじゅう
4,217	よんせんにひゃくじゅうしち
200	にひゃく
660,000	ろくじゅうろくまん|ろっぴゃくろくじゅうまん
5024	ごせんにじゅうよん
446	よんひゃくよんじゅうろく
1078	せんななじゅうはち
38	さんじゅうはち
1377	せんさんびゃくななじゅうしち
173	百ななじゅうさん
103	ひゃくさん|いっひゃくさん
5,000,000	ごまん
157	百五十七
14,000,000	千四百万 | せんよんひゃくまん
6,000	ろくせん
56	ごじゅうろく
660	ろっぴゃくろくじゅう
1500	せんごひゃく
6	ろく
2400	にせんよんひゃく
450	よんひゃくごじゅう
88	はちじゅうはち
21	にじゅういち
2,790	にせんななひゃくきゅうじゅう
82	はちじゅうに
4500	よんせんごひゃく
2900	にせんきゅうひゃく
20000	にまん
50000	ごまん
8000000	はっせんまん
250000	にじゅうごまん
206	にひゃくろく
53	ごじゅうさん
660,430	ろくじゅうろくまんよんせんさんびゃく三十
272	にひゃくななじゅうに
3,106	さんせんひゃくろく
640	ろっぴゃくよんじゅう
70,000	ななまん
29,031	にせんきゅうじゅうさん|にせんきゅうじゅう|にまんきゅうせんさんじゅういち|にまんきゅうせんさんじゅういち|にまんきゅうせんさんじゅう|にまんきゅうせんさんじゅう|にまんきゅうせんさん|
40	よんじゅう
86,881	はちじゅうろくまんはちせんはちひゃくはちじゅういち|はちじゅうろくまんはっせんはちひゃくはちじゅういち
328	さんびゃくにじゅうはち
8	はち
210	にひゃくじゅう
45,000	よんまんごせん
565	ごひゃくろくじゅうご
2,900	にせんきゅうひゃく
114	ひゃくじゅうよん
4,500	よんせんごひゃく
1,776	せんななひゃくななじゅうろく
34	さんじゅうよん
315	さんびゃくじゅうご
65000	ろくまんごせん
4500000	よんひゃくごじゅうまん
35	さんじゅうご
450000	よんじゅうごまん
225000	にじゅうにまんごせん
2,300	にせんさんびゃく
23,000	にまんさんぜん
4,800	よんせんはっぴゃく
1350	せんさんびゃくごじゅう
2790	にせんななひゃくきゅうじゅう
8376	はっせんさんびゃくななじゅうろく
3106	さんせんひゃくろく
7000	ななせん
1000	千
10,000	いちまん
485	よんひゃくはちじゅうご
3,500	さんせんごひゃく
333	さんびゃくさんじゅうさん
47	よんじゅうなな
13,000	いちまんさんせん
20,310	にまんさんびゃくじゅう
256	にひゃくごじゅうろく
64	ろくじゅうよん
1991	せんきゅうひゃくきゅうじゅういち
17,500	いちまんななせんごひゃく
1979	せんきゅうひゃくななじゅうきゅう
99999	きゅうじゅうきゅうまんきゅうせんきゅうひゃくきゅうじゅうきゅう|くまんよんせんきゅうひゃくきゅうじゅうきゅう|きゅうまんきゅうせんきゅうひゃくきゅうじゅう
5223	ごせんにひゃくにじゅうさん
18	じゅうはち
75,000	ななまんごせん
540,000	ごじゅうよんまん
183	百八十三
246	にひゃくよんじゅうろく
85	はちじゅうご
1861	千八百六十一
289	にひゃくはちじゅうきゅう
2500	にせんごひゃく
420	よんひゃくにじゅう
1425	せんよんひゃくにじゅうご
305	さんびゃくご
1948	せんきゅうひゃくよんじゅうはち
90000	きゅうまん
11	じゅういち
6,190	ろくせんひゃくきゅうじゅう
66	ろくじゅうろく
750	ななひゃくごじゅう
6000000	ろくせんまん
2000000	にせんまん
128	ひゃくにじゅうはち
5700	ごせんななひゃく
134	ひゃくさんじゅうよん
30,000	さんまん
1970	せんきゅうひゃくななじゅう
1,454	せんよんひゃくごじゅうよん
1,063	いちまんろくじゅうさん
150	ひゃくごじゅう
93	きゅうじゅうさん
1665	せんろっぴゃくろくじゅうご|いっせんろっぴゃくろくじゅうご
14,500	一万四千五百
24,901	にまんよんせんきゅうひゃくいち
152,000	せんごひゃくにじゅう
19,341	いちまんきゅうせんさんひゃくよんじゅういち
1,429	せんよんひゃくにじゅうきゅう|いっせんよんひゃくにじゅうきゅう
1473	せんよんひゃくななじゅうさん
162	ひゃくろくじゅうに
5600	ごせんろくひゃく
452	よんひゃくごじゅうに
760	ななひゃくろくじゅう
89,000	はちじゅうきゅうまん
28,500	にまんはっせんごひゃく
3,400	さんせんよんひゃく
16	じゅうろく
1,400	せんよんひゃく
39	さんじゅうきゅう
6300	ろくせんさんびゃく
55,000,000	ごじゅうごまん
7500	ななせんごひゃく
86	はちじゅうろく
1,450	せんよんひゃくごじゅう
133,000	せんさんびゃくまん
503	ごひゃくさん
47,000	よんまんななせん
238900	にじゅうさんまんはっせんきゅうひゃく
1400	せんよんひゃく
87000	はちまんななせん
29029	にまんきゅうひゃくにじゅうきゅう|にまんきゅうひゃくにじゅうきゅう
147	ひゃくよんじゅうなな
33	さんじゅうさん
1100	せんいっひゃく
40,000	よんまん
1972	せんきゅうひゃくななじゅうに
299,792,458	にひゃくきゅうじゅうきゅうまんななせんななひゃくにじゅうよん|にひゃくきゅうじゅうきゅうまんななせんななひゃくにじゅうはち
10800	いちまんはっせん
700	ななひゃく
25000	にまんごせん
200000	にじゅうまん
6,400,000	ろくまんよんせん
90,000	きゅうまん
21,196	にまんせんひゃくきゅうじゅうろく
6,852	ろくせんはっぴゃくごじゅうに
6792	ろくせんななひゃくきゅうじゅうに
7,926	ななせんきゅうひゃくにじゅうろく
672	ろっぴゃくななじゅうに
2,000	にせん
1603	せんろっぴゃくさん|いっせんろっぴゃくさんご|せんろっぴゃくさんびゃくさん
6800	ろくせんはっぴゃく
-6	NA. In Japanese, there is no direct way to spell out negative numbers.
142	ひゃくよんじゅうに
140,000,000	せんよんひゃくまん
775	ななひゃくななじゅうご
800,000	はっじゅうまん
978	きゅうひゃくななじゅうはち
27,550	にまんななせんごひゃくごじゅう
32,292	さんまんにせんにひゃくきゅうじゅうに
36,070	さんまんろくじゅうじゅう|さんまんろっぴゃくななじゅう
207	にひゃくなな
1	いち
6190	ろくせんひゃくきゅうじゅう
152	ひゃくごじゅうに
273,000	にじゅうななまんさんぜん
1700	せんななひゃく
23	にじゅうさん
40,075	よんまんななじゅうご
1980	せんきゅうひゃくはちじゅう
1600	せんろっぴゃく
3776	さんせんななひゃくななじゅうろく
1261	せんにひゃくろくじゅういち
18700	いちまんはっせんななひゃく
2002	にせんに
12,577	いちまんにせんごひゃくななじゅうしち
2,600	にせんろくひゃく
695	ろっぴゃくきゅうじゅうご
1994	せんきゅうひゃくきゅうじゅうよん
389	さんびゃくはちじゅうきゅう
1756	せんななひゃくごじゅうろく
50241	ごまんにせんにひゃくよんじゅういち
2073	にせんななじゅうさん
95	きゅうじゅうご
347	さんびゃくよんじゅうなな
550	ごひゃくごじゅう
107	ひゃくなな
43	よんじゅうさん
52	ごじゅうに
1250	せんにひゃくごじゅう
58	ごじゅうはち
501	ごひゃくいち
1895	せんはちひゃくきゅうじゅうご
190	ひゃくきゅうじゅう
275	にひゃくななじゅうご
60,000	ろくまん
1499	せんよんひゃくきゅうじゅうきゅう|いっせんよんひゃくきゅうじゅうきゅう
2022	にせんにじゅうに
502	ごひゃくに
125,000	じゅうにまんごせん|じゅうにまんごぜん|じゅうにまんご|いちにじゅうごまん|いちにじゅうごまんごせん|いちにじゅうごまんごぜん|いちにじゅうごまんご
999	きゅうひゃくきゅうじゅうきゅう
245	にひゃくよんじゅうご
344,000	さんじゅうよんまんよんせん
1928	せんきゅうひゃくにじゅうはち
227	にひゃくにじゅうなな
17,000	いちまんななせん
230	にひゃくさんじゅう
81	はちじゅういち
877	はちひゃくななじゅうなな
3,776	さんせんななひゃくななじゅうろく
462	よんひゃくろくじゅうに
209	にひゃくきゅう
84	はちじゅうよん
19	じゅうきゅう
370000	さんじゅうななまん
367	さんびゃくろくじゅうなな
1,245,000	百二十四万五千
238,855	にじゅうさんまんはっせんはちびゃくごじゅうご
678	ろくひゃくななじゅうはち
10,925	いちまんきゅうせんにひゃくにじゅうご
4,135	よんせんひゃくさんじゅうご
105	ひゃくご|いひゃくご|ひゃくまるご
29	にじゅうきゅう
1975	せんきゅうひゃくななじゅうご
92	きゅうじゅうに
1987	せんきゅうひゃくはちじゅうなな
1452	せんよんひゃくごじゅうに
110	ひゃくじゅう
