6.7 million	六百七十万|670万
8 trillion	八兆|8兆
40 million	四千万|4000万
2.4 billion	二十四億|24億
177 billion	千七百七十億|1770億
1.4 billion	十四億|14億
28 trillion	二十八兆|28兆
200 million	二億|2億
5 trillion	五兆|5兆
152 billion	百五十二億|1百5十2億
100 billion	千億|1000億
1.2 million	百二十万|120万
86 billion	八十六億|86億
800 billion	八百億|800億
80 million	八千万|8000万
8 million	八百万|800万
4.5 trillion	四兆五千億|4500億
277 trillion	二百七十七兆|277兆
7 million	七百万|700万
6 trillion	六兆|6兆
1.5 million	百五十万|150万
8 billion	八十億|8億
450 million	四億五千万|45000000
20 million	二千万|2000万
3 trillion	三兆|3兆
34 million	三千四百万|3400万
200 billion	二千億|2000億
3.6 million	三十六万|360000
5 million	五百万|500万
3.1 trillion	三兆一千億|3兆1000億
716.6 billion	七千百十六億六千万|7166億
210 billion	二千百億|210億
18 trillion	一八兆|18兆
7.6 trillion	七兆六千億|7600億
1 trillion	一兆
300 billion	三百億|300億
6 million	六百万|600万
134 billion	百三十四億|134億
7.8 billion	七十八億|7.8億
150 billion	百五十億|150億
25 billion	二百五十億|25億
153 billion	百五十三億|153億
140 billion	百四十億|140億
1 billion	十億|10億
900 million	九億|900000000
63.8 million	六千三百八十万|6380万
4.54 billion	四十五億四千万|4.54億
678.7 billion	六千七百八十七億|6787億|六百七十八兆七千億|678700000000000
293 million	二億九千三百万|2億9300万
802 billion	八百二億|802億
62 billion	六十二億|62億
2.3 trillion	二兆三千億|2300億三千万
4.2 trillion	四兆二千億|4兆2000億
7 billion	七十億|7億
100 million	一億
501.3 billion	五千十三億|501.3億
10 million	千万|1千万|10百万
900 billion	九百億|900億
4.8 trillion	四兆八千億|4800億億
10 billion	百億|10億
3.5 trillion	三兆五千億|3.5兆
821 million	八億二百一十万|821000000
33.1 billion	三十三十億一千万|33億1000万|三十三十億百万|33億100万
125 billion	百二十五億|125億
1.9 trillion	一兆九千億|1900億
2.25 trillion	二兆二千五百億|2.25兆
13.8 billion	一百三十八億|138億
274.5 billion	二千七百四十五億五千万|2745億5000万
7.9 million	七百九十万|790万
1.5 trillion	一兆五千億|1500億
600 billion	六百億|600億
190.61 billion	一千九百六十億六千一百万|190610000000
7.5 billion	七十五億|7.5億
1.3 million	百三十万|130万
232.89 billion	二千三百二十二億八千九百万|23222008000
285 billion	二百八十五億|285億
530 million	五億三千万|530000000
529 billion	五百二十九億|529億
27.9 billion	二百七十九億|279億
92 billion	九十二億|92億
2 billion	二十億|20億
180 billion	千八百億|1800億
2 trillion	二兆|2兆
21.3 billion	二百十三億|213億|二十一点三十億|21.3億
1.366 billion	十三億六千六百万|1.366億
181 billion	百八十一億|181億
274 billion	二千七百四十億|2740億
42 billion	四十二億|42億
1.3 trillion	一兆三千億|1300億億
14.3 trillion	一兆四千三百億|14兆3千億
25.2 billion	二百五十二億|252億|2.52×10¹⁰
1.3 billion	十三億|13億
15.4 billion	百五十四億|154億
326.4 million	三億二千六百四十万|3億2640万
229.5 billion	二千二百九十五億五千万|2295億5000万
4.5 billion	四十五億|4.5億
23 trillion	二十三兆|23兆
471 billion	四百七十一億|471億
4 million	四百万|400万
66 million	六千六百万|6600万
7.9 trillion	七兆九百億|7兆900億
76 million	七千六百万|7600万
40 billion	四十億|40億
11 billion	百十一億|1.1億|十一十億|11億
380 million	三億八千万|380000000
190 billion	百九十億|190億
39.5 million	三千九百五十万|3950万
500 billion	五百億|500億
302.6 million	三億二千六百万|3億2600万
110.8 billion	千百八十億|1108億
705 million	七億五百万|7500万|705百万
2.7 trillion	二兆七千億|2兆7000億
38 million	三千八百万|3800万
4.9 trillion	四兆九千億|4900億億
330 billion	三千三百億|3300億
1 million	百万|100万
17 billion	千七百億|17億
400 billion	四百億|400億
27 trillion	二十七兆|27兆
5.6 billion	五十六億|5.6億
386 billion	三千八百六十億|3860億
2.4 trillion	二兆四千億|2.4兆
12 million	一千二百万|1200万
218 billion	二百十八億|218億
5 billion	五十億|50億
18 million	千八百万|1800万
12 billion	百二十億|120億
60 million	六千万|6000万
3.8 billion	三十八億|3.8億
15 million	千五百万|1500万
650 million	六億五千万|65000000
700 billion	七百億|700億
2.7 billion	二十七億|2.7億
820 million	八億二千万|820000000
95 billion	九十五億|95億
25.4 billion	二百五十四億|254億
30 billion	三十億|30億
4.6 billion	四十六億|46億
1.6 million	百六十万|160万
28 billion	二十八億|28億
130 billion	百三十億|130億
7 trillion	七兆|7兆
93 million	九千三百万|9300万
17 million	千七百万|1,700万
38.5 million	三千八百五十万|3850万
74 billion	七百四十億|74億
44.4 billion	四百四十四億|444億
483.8 million	四億八千三百八十万|48380000
8.3 billion	八十三億|8.3億
715 billion	七百十五億|715億
1.9 billion	十九億|19億
42.2 billion	四百二十二億|422億
420 billion	四百二十億|420億
24.6 billion	二百四十六億|246億
96.8 billion	九十六８億|968億
29.4 billion	二百九十四億|294億|二十九点四十億|29.4億
162.34 billion	千六百二十三億四千万|162340000000
7.77 million	七百七十七万|777万|七百七十七万円|777万円
218 million	二億一千八百万|2億1800万
332 billion	三千三百二十億|3320億
91.6 billion	九十一兆六千億|9160億
802.81 billion	八千二百八十一億|802810億
510 million	五億千万|5億1000万
361 billion	三千六百十一億|3610億
93 billion	九十三億|93億
113 billion	千百十三億|113億
1.4 trillion	一兆四千億|1400億億|1.4兆
152 million	一億五千二百万|1億5200万
74 million	七千四百万|74百万
2.5 trillion	二兆五千億|2.5兆
3 billion	三十億|3億
36 million	三千六百万|3600万
850 million	八億五千万|850000000
150 million	一億五千万|150,000,000
170 billion	千七百億|1700億
21 billion	二百十億|210億
135 billion	百三十五億|135億
374 billion	三千七百四十億|3740億
61.8 billion	六百十一億八千万|61億8000万
430 billion	四百三十億|430億
99.2 million	九千九百二十万|9920万
18 billion	十八億|18億
1.2 billion	十二億|12億
10 trillion	一兆|10兆
56 billion	五十六億|56億
31.5 billion	三百十五億|315億|三十一五十億|31.5億
159 billion	百五十九億|159億
2.4 million	二百四十万|240万
8.9 billion	八十九億|89億
559 billion	五千五百五十九億|5590億
275 billion	二千七百五十億|2750億
40 trillion	四十兆|40兆
21.33 billion	二百十三億三千万|21330万億
70.2 billion	七百二十億二千万|70億2千万
1.6 trillion	一兆六千億|1600億
64 billion	六十四億|64億
2.9 trillion	二兆九百億|2900億
70.7 billion	七千七百億|70.7億
19.5 billion	百九十五億|195億半|一九・五十億
21.76 billion	二百十七億六千万|21760000000
7.9 billion	七十九億|7.9億
19 billion	十九億|19億
345.6 billion	三千四百五十六億|3456億|三百四十五億六千万|345.6億
160 billion	千六百億|1600億
111.4 billion	千百十四億|1114億
4.28 trillion	四兆二千八百億|4兆2800億
2.8 billion	二十八億|28億
360 billion	三千六百億|3600億
4 trillion	四兆|4兆
270 billion	二千七百億|2700億
37 billion	三十七十億|37億
14.2 million	千四百二十万|1420万
69 trillion	六十九兆|69兆
3.53 trillion	三兆五千三百億|3兆5300億
271 million	二億七千一百万|2億7100万
27.3 trillion	二十七兆三千億|27300億三千億|2.73京|二十七万三千億|27300000000000
360 trillion	三百六十兆|360兆
14 trillion	十四兆|14兆
400 million	四億|4億
500 million	五億|500百万
2 million	二百万|200万
1.5 billion	十五億|15億
70 million	七千万|70百万
237 billion	二千三百七十億|2370億
8.7 million	八百七十万|870万
166 billion	千六百六十億|1660億
161 billion	百六十一億|161億
740.5 billion	七千四百五十億五千万|740500億5千万
554 billion	五千五百四十億|5540億
30 million	三千万|3000万
85 billion	八十五億|85億
2.5 million	二百五十万|250万
37.4 million	三千七百四十万|3740万
198 billion	一千九百八十億|1980億
9.7 billion	九十七億|97億
2.1 million	二百十万|210万
16.16 trillion	一兆六千一百六十億|1兆6160億
1.25 trillion	一兆二千五百億|1.25兆
2.3 million	二百三十万|230万
11.59 billion	百十五億九千万|115.9億|一百十五億九百万
600 million	六億|600百万
9 billion	九十億|9億
1.1 trillion	千百億|1兆1億
690 million	六億九百万|690百万
7.7 billion	七十七億|7.7億
1.7 billion	十七億|17億
90 billion	九十億|90億
2.5 billion	二十五億|2.5億
20.15 billion	二百十五億|2015億
13.7 billion	百三十七億|1.37億
385 million	三億八千五百万|38500000
120 billion	百二十億|120億
30 trillion	三十兆|30兆
36.8 billion	三百六十八億|368億八千万
350 million	三億五千万|3500万
87 million	八千七百万|8700万
2.59 trillion	二兆五千九百億|2兆5900億
457 million	四億五千七百万|45700000
4.4 trillion	四兆四千億|4400億
8.7 trillion	八兆七千億|8700億
3 million	三百万|300万
984 billion	九百八十四億|984億
2.6 billion	二十六億|2.6億
3.5 million	三百五十万|350万
4.7 billion	四十七億|4.7億
2.2 trillion	二兆二|2.2兆
1.6 billion	十六億|16億
303 billion	三千三十億|3030億
280.5 billion	二千八百五十億五千万|280500億5千万
1.48 trillion	一兆四千八百億|1.48兆
4.4 million	四百四十万|440万
686 billion	六百八十六億|6860億
300 million	三億|3百万
240 billion	二千四百億|2400億
13 billion	十三億|13億
100 trillion	一千兆|100兆
630 billion	六千三百億|6300億
4.3 billion	四十三億|43億
26.2 billion	二百六十二億|262億|2.62十億
20 billion	二十億|20億
548 billion	五百四十八億|548億
1.54 billion	十五十四億|1.54億
50 million	五千万|5000万
44.3 billion	四百四十三億|443億
49 billion	四十九億|49億
21 trillion	二十一兆|21兆
2,802 billion	二兆八百二億|2802億
14 billion	十四億|14億
7.8 million	七百八十万|780万
2.85 billion	二十八億五千万|2.85億
805.61 billion	八千五十億六百一十万|805610000000
265.6 billion	二千六百五十六億|2656億
359 million	三億五千九百万|3億5900万
4.2 million	四百二十万|420万
740 billion	七千四百億|7400億
3.2 billion	三十二億|3.2億
199.9 billion	一千九百九十九億九千万|1999億9千万
710 million	七億百万|7億1000万
92 million	九千二百万|9200万
97 billion	九十七億|970億
700 million	七億|700百万
60 billion	六十億|60億
250 billion	二千五百億|2500億
193 billion	百九十三億|193億
28.4 trillion	二十八兆四千億|28400億四千億
1.39 million	百三十九万|139万
2.3 billion	二十三億|23億
2.8 million	二百八十万|280万
31 trillion	三十一兆|31兆
26 billion	二十六億|26億
1.39 billion	十三億九千万|13億9千万|一十三億九千万|1十三億9千万
9 million	九百万|900万
35 million	三千五百万|3500万
200 trillion	二百兆|200兆
3.78 billion	三十七億八千万|3.78億|3780万
419 billion	四千百十九億|4190億
260 billion	二千六百億|2600億
1.7 trillion	一兆七千億|1700億
68 billion	六十八億|68億
1,300 trillion	一京三千兆|1300兆
488.3 billion	四千八百八十三億|4883億
522 billion	五千二百二十億|5220億
4.79 trillion	四兆七千九百億|4790億
522 million	五億二千二百万|522百万
179 billion	百七十九億|179億
22 trillion	二十二兆|22兆
12.6 billion	百二十六億|126億
2.799 million	二百九十九万|299万
11 million	千一百万|1100万
110 billion	千百億|110億
43 billion	四十三億|43億
13.1 million	一千三百十万|1310万
266.4 billion	二千六百六十四億|2664億
15 trillion	一兆五千億|十五兆|15000億
570 million	五億七千万|570000000
4000 billion	四兆|4000億
140 million	一億四千万|1億4000万
41.7 billion	四百十七億|417億七千万|4.17×10¹⁰
1.2 trillion	一兆二千億|1200億億
197 billion	一千九百七十億|1970億
145 million	一億四千五百万|1億4500万
101 million	一億一|1億1
2.6 trillion	二兆六千億|2600億
23.3 billion	二百三十三億|23.3億
2.7 million	二百七十万|270万
77.2 billion	七百七十二億|772億
21.4 trillion	二十一兆四千億|21400億四千万
21.5 billion	二百十五億|215億|二十一億五千万|2.15×10^10
6 billion	六十億|60億
32 million	三千二百万|3200万
640 billion	六百四十億|640億
75 million	七千五百万|7500万
834 billion	八百三十四億|834億
37.2 trillion	三十七兆二百億|37200億三千二百万
1.35 million	百三十五万|135万
5.25 trillion	五兆二千五百億|5兆2500億
3.5 billion	三十五億|3.5億
1.4 million	百四十万|140万
204 billion	二百四億|204億
575 million	五億七千五百万|575000000
4.75 billion	四十七億五千万|4.75億
756 billion	七百五十六億|756億
195 billion	百九十五億|195億
1.33 billion	十三億三千万|13億3千万
142 billion	百四十二億|142億
196 billion	一千九百六十億|1960億
229 million	二億二千九百万|2億2,900万
39.7 billion	三百九十七億|397億
647 billion	六百四十七億|647億
870 billion	八千七百億|8700億
152.1 billion	千五百二十一億|1521億
395.5 billion	三千九百五十五億五千万|3955億5000万
