3.7	さんてんなな
2.4	にてんよん
1,234.56	千二百三十四てんごろく
500.75	ごひゃくてんななじゅうご
7.8	ななてんはち
6,789,432.10	ろくせんななひゃくはちじゅうきゅうまんよんせんさんびゃくさんじゅうにてんじゅう
2.3	にてんさん
65,987.55	ろくまんごせんきゅうひゃくはちじゅうななてんごじゅうご
156.30	百五十六てんさんじゅう
3.5	さんてんご
344.23	さんびゃくよんじゅうよんてんにさん
2.43	にてんよんじゅうさんてん
7.56	ななてんごろく
2,623.12	にせんろっぴゃくにじゅうさんてんじゅうに
678,432.14	ろくじゅうななまんはっせんよんひゃくさんじゅうにてんじゅうよん
15.99	十五てんきゅうじゅうきゅう
22.67	にじゅうにてんろくなな
8.98	八てんきゅうはち
85.50	はちじゅうごてんごじゅう
9,345,621.78	九百三十四万五千六百二十一てん七八
9.99	きゅうてんきゅうきゅう
2,335,987.44	にせんさんびゃくさんじゅうごまんきゅうせんきゅうひゃくはちじゅうななてんよんじゅうよん
22,499.99	にまんにせんよんひゃくきゅうじゅうきゅうてんきゅうきゅう
2,34.56	NA. The number format is not valid. In Japanese, the comma is used as a decimal point separator, while the period is used to separate groups of three digits.
19.99	いちじゅうきゅうてんきゅうきゅう
1,000.12	千点十二
32.45	さんじゅうにてんよんじゅうご
5.67	ごてんろくじゅうなな
14.23	じゅうよんてんにさん
1,200,345.76	"千二百万三千四百五十・七十六百万th（「・」is used instead of ""."" in Japanese）"
745.89	ななひゃくよんじゅうごてんはちきゅうてん
25.37	にじゅうごてんさんじゅうなな
2,793.42	にせんななひゃくきゅうじゅうさんてんよんじゅうに
6,788.12	ろくせんななひゃくはちじゅうはちてんじゅうに
5.26	ごてんにじゅうろく
999.99	きゅうひゃくきゅうじゅうきゅうてんきゅうじゅうきゅう
456.32	よんひゃくごじゅうろくてんさんじゅうに
4.29	四てんにきゅう
1.25	一てんにご
225.4	にひゃくにじゅうごてんよん
7,569,301.59	ななせんごひゃくろくじゅうきゅうまんさんせんさんびゃくいちじゅうてんごきゅう
50.8	ごじゅうてんはち
200.56	にひゃくてんごじゅうろく
12,000.25	一万二千点二五
7.2	七てんに
2,318,029.87	にせんさんひゃくじゅうはちまんにせんはちじゅうきゅうてんはちなな
600,000	ろっじゅうまん
2.5	にてんご
532,111.67	ごじゅうさんまんにせんひゃくじゅういちてんろくなな
20.7	にじゅうてんなな
0.89	ゼロてんはちきゅう
9.3	きゅうてんさん
4.6	四てんろく
12.8	じゅうにてんはち
29,031.69	にまんきゅうせんさんじゅういちてんろくきゅう
280.55	にひゃくはちじゅうてんごじゅうご
534.23	ごひゃくさんじゅうよんてんにさん
6.7	ろってんなな
1,500,000.50	千五百万五十円半 | せんごひゃくまんごじゅうえんはん
8,999.99	はっせんきゅうひゃくきゅうじゅうきゅうてんきゅうきゅう
0.75	NA. In Japanese, decimals are usually expressed using fractions, but the fraction for 0.75 is not commonly used. Instead, it is usually expressed as a percentage (75%) or a decimal (0.75).
3,600.25	さんせんろっぴゃくてんにじゅうご
24.9	にじゅうよんてんきゅう
4.35	四てんさんご
45.67	よんじゅうごてんろくじゅうなな
1,500.5	千五百点五
850.64	はっぴゃくごじゅうてんろくよん
3.45	さんてんよんご
320.75	さんびゃくにじゅうてんななご
56.8	ごじゅうろくてんはち
2.25	にてんにじゅうごりっぴゃく
4,200.50	四千二百点五十
344.87	さんびゃくよんじゅうよんてんはちなな
3.14	さんてんいちよん
29.99	にじゅうきゅうてんきゅうじゅうえんきゅうじゅうきゅう-sen|kyuu-juu-kyuu-en
13.37	じゅうさんてんさんじゅうなな
4,567.89	よんせんごひゃくろくじゅうななてんはちきゅう
8,500.50	はっせんごひゃくごじゅうてんご
350.25	さんびゃくごじゅうてんにご
5.87	ごてんはちじゅうなな
1,214.32	千二百十四てんさんじゅうに
12.17	十二てんじゅうしち
2,342.56	にせんさんびゃくよんじゅうにてんごろく
0.76	NA. In Japanese, there is no specific way to spell out decimal numbers less than 1. Instead, they are usually expressed in numerical form.
532.91	ごひゃくさんじゅうにてんきゅういち
143.69	ひゃくよんじゅうさんてんろくきゅう
521,000.99	ごじゅうにまんいちせんきゅうじゅうてんきゅうきゅう
8.23	八てんにさん
3,106.75	さんせんひゃくろくじゅうごてんななじゅうご
30.12	さんじゅうてんじゅうに
344.05	さんびゃくよんじゅうよんてんご
29,029.24	にまんきゅうひゃくにじゅうきゅうてんによんじゅうに
6.8	ろってんはち
550.50	五百五十点五〇
3,218.75	さんせんにひゃくじゅうはちてんななご
0.25	ゼロてんにご
2,791.04	にせんななひゃくきゅうじゅういちてんれいよん
27.5	にじゅうしちてんご
90.87	きゅうじゅうてんはちなな
35.60	さんじゅうごてんろくじゅう
6.03	ろくてんさん
42.38	よんじゅうにてんさんじゅうはちてんさんじゅうはち
104	百四
10	十
55.5	ごじゅうごてんご
8.7	はちてんなな
90	きゅうじゅう
57,899.99	ごまんななせんはっぴゃくきゅうじゅうきゅうてんきゅうきゅう
238,855.05	にじゅうさんまんはっせんはちじゅうごてんごじゅうご
2,500.75	にせんごひゃくごじゅうてんななご
12.76	十二てんななろく
265,000.50	にじゅうろくまんごせんご百てんごじゅう
38.9	さんじゅうはちてんきゅう
512.34	ごひゃくじゅうにてんさんじゅうよんてんさんじゅうよん
1,234,567.89	千二百三十四万五千六百五十七てんはちきゅう
3.2	さんてんに
26.2	にじゅうろくてんに
10.5	じゅうてんご
500,000.75	ごじゅうまんてんななじゅうご
150.6	百五十てんろく
13,456.78	一万三千四百五十六てん七八
8.95	八てんきゅうご
5.9	ごてんきゅう
7.99	NA. In Japanese, prices are usually written using Arabic numerals followed by the kanji for yen (円). For example, 7.99 would be written as 7.99円.
16.78	いちじゅうろくてんななはち
50.37	ごじゅうてんさんじゅうなな
1.85	いってんはちご
55.55	ごじゅうごてんごじゅうご
1,416.76	千四百十六てん七十六
250.75	にひゃくごじゅうてんななご
26.79	にじゅうろくてんななきゅう
84.50	八十四てんご
2.54	にてんごじゅうよん
125.45	百二十五てんよんじゅうご
5,000.57	ごせんてんごじゅうしち
180.65	百八十てんろくじゅうご
16.99	十六てんきゅうきゅう
12.3	じゅうにてんさん
164.8	百六十四てんはち
98.6	九十八てんろく
7.35	ななてんさんじゅうご
29,029	にまんきゅうひゃくにじゅうきゅう
85,000.50	はちじゅうごまんごせんご百五十てんご
5,000.50	ごせんてんごじゅうえんごじゅうせんご百五十てんご
28.76	にじゅうはちてんななろく
350.99	さんびゃくごじゅうてんきゅうきゅう
42.17	よんじゅうにてんじゅうしち
2,789.45	にせんななひゃくはちじゅうきゅうてんよんじゅうご
67.89	ろくじゅうななてんはちきゅう
12.34	じゅうにてんさんよん
18.75	十八てんななご
32,553.89	三万二千五百五十三円八十九銭 | 三万二千五百五十三・八十九
899.99	はっぴゃくきゅうじゅうきゅうてんきゅうじゅうきゅう
3.50	三てんご
55.53	ごじゅうごてんごじゅうさん
1422.14	千四百二十二てん十四
8,848.86	はっせんはちひゃくよんじゅうはちてんはちろく
33.50	さんじゅうさんてんごじゅう
586.41	ごひゃくはちじゅうろくてんよんいち
4.93	四てんきゅうさん
13,170.69	一万三千百七十・六十九百分の一|一万三千百七十・六十九てんろくきゅう
76	ななじゅうろく
2.75	にてんななじゅうごりゅうってん
206.5	二百六円五十銭 (にひゃくろくえんごじゅうせん)
3,415,322.80	さんせんよんひゃくじゅうごまんさんせんさんびゃくにじゅうにてんはちじゅう円|さんせんよんひゃくじゅうごまんさんせんさんびゃくにじゅうにてんはちじゅう|三百十五万三千四百二十二・
1.5	一てんご
10,000.75	一万点七五
9.27	九てん二七
65.50	ろくじゅうごてんごじゅう
2000.15	にせんてんじゅうごてんじゅうご
250.65	にひゃくごじゅうてんろくご
2.45	にてんよんじゅうごてん
180.50	百八十てんご
400.75	よんひゃくてんななご
3.67	さんてんろくなな
4.55	四てんご五
36,070.79	さんまんろくせんしちじゅうてんななきゅう
12,500.85	一万二千五百点八五|一万二千五百ドル85セント
4,568.32	よんせんごひゃくろくじゅうはちてんさんじゅうに
78,543.99	ななじゅうはっせんごひゃくよんじゅうさんてんきゅうきゅう
12.75	一十二てんななご
0.68	NA. In Japanese, numbers less than 1 are usually expressed in fractions or decimals, but there is no standard way to spell out decimal numbers in words.
456,987.23	よんじゅうごまんろくせんきゅうひゃくはちじゅうななてんにさん
57.88	ごじゅうななてんはちはち
16.8	十六てんはち
789.45	ななひゃくはちじゅうきゅうてんよんじゅうご
30.7	さんじゅうてんなな
27.9	にじゅうしちてんきゅう
52.3	ごじゅうにてんさん
12.6	十二てんろく
245.60	にひゃくよんじゅうごてんろくじゅう
4.7	四てんなな
156.87	百五十六てんはちなな
7.5	NA. In Japanese, decimal numbers are usually written using a different system than whole numbers, and there is no standard way to spell out decimal numbers in words.
8,900.75	はっせんきゅうひゃくえんななじゅうごてんななご
345,678.99	さんじゅうよんまんごせんろっぴゃくななじゅうはちてんきゅうじゅうきゅう
2,793.21	にせんななひゃくきゅうじゅうさんてんにいち
24.97	にじゅうよんてんきゅうなな
60.36	六十てんさんじゅうろく
14.99	十四てんきゅうきゅう
1,250.87	千二百五十・八十七百分の一
12,742.18	一万二千七百四十二てん十八
50.25	ごじゅうてんにご
372.6	さんびゃくななじゅうにてんろく
7.89	ななてんはちきゅうてん
500	ごひゃく
35.90	さんじゅうごてんきゅうじゅうえん
22.68	にじゅうにてんろくはち
3,945.79	さんせんきゅうひゃくよんじゅうごてんななきゅう
10,971	一万九百七十一
8.75	はちてんななご
49.99	NA. In Japanese, prices are usually written using the Arabic numerals followed by the kanji for yen (円) and the decimal point, and then the two-digit decimal part followed by the kanji for sen (銭). For example, 49.99 yen would be written as 49円99銭.
200.34	にひゃくてんさんじゅうよん
1.1286	一てんいちにはちろく
250.89	にひゃくごじゅうてんはちきゅう
4,500.63	四千五百点六三
42.195	四十二・一九五キロメートル
27.8	にじゅうしちてんはち
50.75	ごじゅうてんななご
4.25	四てんにご
946.35	九百四十六てんさんじゅうご
1,000.23	千てんにじゅうさん
500.85	ごひゃくてんはちじゅうご
0.5	NA. In Japanese, numbers less than 1 are usually expressed as fractions or decimals, not spelled out.
300	さんびゃく
9.8	きゅうてんはち
0.3	〇てんさん
80	八十
8.4	はちてんよん
0.7	NA. In Japanese, numbers less than 1 are usually expressed in fractions or decimals, but there is no standard way to spell out decimal numbers in Japanese.
6,789.50	ろくせんななひゃくはちじゅうきゅうてんご
9.2	九てんに
2,785.8	にせんななひゃくはちじゅうごてんはち
83.4	はちじゅうさんてんよん
120.3	百二十てんさん
500.3	ごひゃくてんさん
5.2	ごてんに
100.5	百てんご
72.3	ななじゅうにてんさん
75.5	ななじゅうごてんご
3,456.7	さんせんよんひゃくごじゅうろくてんなな
4.5	四てんご
15.2	十五てんに
0.05	〇てんご
33.5	さんじゅうさんてんご
56.7	ごじゅうろくてんなな
1.2	いちてんに
150	百五十
836,330	はちじゅうさんまんろくせんさんびゃくさんじゅう
5.6	ごてんろく
2,624.6	にせんろっぴゃくにじゅうよんてんろく
4.8	四てんはち
25,620.75	にまんごせんろっぴゃくにじゅうてんななご
2.6	にてんろく
825.3	はっぴゃくにじゅうごてんさん
0.9	NA. In Japanese, numbers less than 1 are usually expressed in fractions or decimals, rather than spelled out.
100.4	百てんよん
2,789.3	にせんななひゃくはちじゅうきゅうてんさん
1,985.62	千九百八十五点六二
17.83	じゅうしちてんはちさん
50,000.25	ごまんてんにじゅうご
25.6	にじゅうごてんろく
9.87	きゅうてんはちなな
145.67	ひゃくよんじゅうごてんろくじゅうなな
457.89	よんひゃくごじゅうななてんはちきゅう
23.45	にじゅうさんてんよんご
32.10	さんじゅうにてんじゅうえんじゅっせん
150.5	百五十てんご
2300.75	にせんさんびゃくてんななご
28.4	にじゅうはちてんよん
23.7	にじゅうさんてんなな
43.9	よんじゅうさんてんきゅう
2571.3	にせんごひゃくななじゅういちてんさん
499.99	よんひゃくきゅうじゅうきゅうてんきゅうじゅうきゅう
89.50	はちじゅうきゅうてんごじゅう
185.25	百八十五てんにじゅうご
180.67	百八十・六十七
1,250,000.75	百二十五万|百二十五千|七十五
235.67	にひゃくさんじゅうごてんろくじゅうなな
15.76	十五てんななろく
102.34	百二点三四
13.55	じゅうさんてんごじゅうご
2,780.34	にせんななひゃくはちじゅうてんさんじゅうよん
47,000.29	よんまんななせんてんにじゅうきゅう
1.98	いってんきゅう
2,350.75	にせんさんびゃくごじゅうてんななご
8848.86	はっせんはちひゃくよんじゅうはちてんはちろく
3.78541	三てんななはちごよんいち
871.56	はっぴゃくななじゅういちてんごろく
299,792,458	二億九千九百七十二万四千四百五十八
89.99	はちじゅうきゅうてんきゅうじゅうきゅう
12.50	十二・五〇
20.5	二十点五
57.23	ごじゅうななてんにじゅうさん
3.79	さんてんななきゅう
11.6	十一てんろく
15.89	十五てんはちきゅう
500.99	ごひゃくてんきゅうじゅうきゅう
2,345.67	にせんさんびゃくよんじゅうごてんろくじゅうしち
1,249.99	千二百四十九・九十九
10,000.56	一万点五六
200.17	にひゃくてんじゅうなな
29,029.35	にまんきゅうひゃくにじゅうきゅうてんさんじゅうご
28.46	にじゅうはちてんよんじゅうろく
4,401.20	四千四百一円二十銭 | よんせんよんひゃくいちえんにじゅうせん
25.99	にじゅうごてんきゅうじゅうきゅう
27.56	にじゅうしちてんごろく
2.50	にてんご
150,000.87	十五万|百|八十七
3,926.30	さんせんきゅうひゃくにじゅうろくてんさん
45.80	よんじゅうごてんはちじゅう
1,255,122.65	千二百五十五万百二十二てんろくじゅうご
72,489.36	七万二千四百八十九てん三六
38.99	さんじゅうはちてんきゅうじゅうきゅう
15.09	十五てん九
660,430.08	ろくじゅうろくまんよんせんさんびゃくさんじゅうてんはち
23.78	にじゅうさんてんななはち
344,400	さんじゅうよんまんよんせんよんひゃく
0.64	れいてんろくよん
1,500.75	千五百円七十五銭 | せんごひゃくえんななじゅうごせん
118.29	百十八てんにきゅう
1.42	一てんよんに
15.27	十五てんにじゅうしち
1,042.34	千四十二点三四
100.8	百てんはち
7.3	ななてんさん
1,764.89	千七百六十四てんはちきゅう
23.8	にじゅうさんてんはち
45.87	よんじゅうごてんはちなな
128.76	百二十八てんななろく
523.91	ごひゃくにじゅうさんてんきゅういち
5,678.90	ごせんろくひゃくななじゅうはちてんきゅうじゅう
23.56	にじゅうさんてんごろく
356.89	さんびゃくごじゅうろくてんはちきゅうきゅう
3,452.67	さんせんよんひゃくごじゅうにてんろくじゅうしちてんろくなな
30,000.15	さんまんてんじゅうごてんじゅうご
9,876.54	きゅうせんはっぴゃくななじゅうろくてんごよん
3.27	三てんにしち
2,300	にせんさんびゃく
828	はっぴゃくにじゅうはち
22.5	にじゅうにてんご
567.89	ごひゃくろくじゅうななてんはちきゅう
15.75	十五てんななご
10,000.50	一万点五十
108.9	ひゃくはちてんきゅう
87.56	はちじゅうななてんごろく
1.45	いちてんよんご
148.48	百四十八てん四十八
38.22	さんじゅうはちてんにじゅうに
12.99	十二てんきゅうじゅうきゅう
32.8	さんじゅうにてんはち
2500.75	にせんごひゃくてんななじゅうご
6,720,939.42	ろくせんななひゃくにじゅうきゅうまんさんせんきゅう百三十九てんよんじゅうに
345.98	さんびゃくよんじゅうごてんきゅうじゅうはち
14.35	じゅうよんてんさんじゅうご
11.99	十一円九十九銭
3,000.75	さんせんてんななじゅうご
3.97	さんてんきゅうしち
80.39	八十・三十九
42.97	よんじゅうにてんきゅうしち
14.36	十四てんさんろく
185.47	百八十五てんよんじゅうしち
15.6	十五てんろく
3.99	三てんきゅうきゅう
7,500.25	ななせんごひゃくごじゅうてんにご
1.37	いちてんさんなな
3.75	三てんななご
8.34	はちてんさんじゅうよん
12,080.59	一万二千八十・五十九|一万二千八十・五十九分|一万二千八十円五十九銭
39.1	さんじゅうきゅうてんいち
1911.25	千九百十一てんにじゅうご
21,500.30	二万千五百円三十銭 | 二一五〇〇・三〇
25,000.75	にまんごせんてんななじゅうごてんななご
3,550.89	さんせんごひゃくごじゅうてんはちきゅう
28.6	にじゅうはちてんろく
9,750.80	きゅうせんななひゃくごじゅうてんはち
1,745.63	千七百四十五てんろくじゅうさん
13.98	十三てんきゅうはち
58.79	ごじゅうはちてんななきゅう
47.89	よんじゅうななてんはちきゅう
36.75	さんじゅうろくてんななご
1.69	いちてんろくきゅう
829.8	はっぴゃくにじゅうきゅうてんはち
40,075.16	四万七十五円十六銭 | よんまんななじゅうごえんじゅうろくせん
343.2	さんびゃくよんじゅうさんてんに
3.78	さんてんななはち
10,994	一万九百九十四 | いちまんきゅうひゃくきゅうじゅうよん
3,450.50	さんせんよんひゃくごじゅうてんご十
6.5	ろくてんご
20,000.75	にまんてんななじゅうご
10,230.90	一万二千二百三十・九十
500,000.23	ごじゅうまんてんにじゅうさん
1,520.36	千五百二十点三六
9,875.85	きゅうせんはっぴゃくななじゅうごてんはちじゅうご
35,500.79	さんまんごせんごひゃくごじゅうてんななきゅう
0.8	零てんはち
350.29	さんびゃくごじゅうてんにくてんきゅう
22,841.899	にまんにせんはちゃくよんじゅういちてんはちきゅうきゅう
389.46	さんびゃくはちじゅうきゅうてんよんろく
1,190.49	千百九十・点・四九
6.37	ろくてんさんじゅうなな
1,753.89	千七百五十三てんはちきゅうさんはくはちじゅうきゅう
324.8	さんびゃくにじゅうよんてんはち
209.2	にひゃくきゅうてんに
92	きゅうじゅうに
167.8	百六十七てんはち
5,505.6	ごせんごひゃくごてんろく
1,230.05	千二百三十・五分
9,456.78	きゅうせんよんひゃくごじゅうろくてんななはち
120.7	百二十てんなな
23,456.71	にまんさんせんよんひゃくごじゅうろくてんなないち
10.75	じゅうてんななご
6.4	ろってんよん
50,000.75	ごまんてんななじゅうご
1,250.99	千二百五十・九十九百分の九十九
651.23	ろっぴゃくごじゅういちてんにさん
764.32	ななひゃくろくじゅうよんてんさんじゅうに
189.99	百八十九てんきゅうじゅうきゅう
9.63	九てんろくさん
15.57	十五てんごなな
3,456.78	さんせんよんひゃくごじゅうろくてんななはち
7.52	ななてんごに
15.1	十五てんいち
190.5	百九十てんご
4.37	四てんさんなな
6,000.75	ろくせんてんななじゅうご
150.75	百五十てんななご
325.5	さんびゃくにじゅうごてんご
180.5	百八十てんご
20.3	にじゅうてんさん
1,275.50	千二百七十五点五十
81.6	八十一てんろく
1000.75	千|七十五てん
98.4	きゅうじゅうはちてんよん
6.99	ろくてんきゅうじゅうきゅう
500,000.56	ごじゅうまんごせんてんごじゅうろく
167.89	百六十七てんはちきゅう
3.25	三てんにご
1,200.50	千二百円五十銭 | せんにひゃくえんごじゅうせん
12.87	十二てんはちなな
4.75	四てんななごです。 (よんてんななご is also acceptable)
85.6	はちじゅうごてんろく
1.8	いってんはち
3,970	さんせんきゅうひゃくななじゅう
24.5	にじゅうよんてんご
320.50	さんびゃくにじゅうてんご
1,000	千
1,325,678.3	千三百二十五万六千七百八十・三
9,145.75	きゅうせんひゃくよんじゅうごてんななご
7,326.49	ななせんさんびゃくにじゅうろくてんよんきゅう
54,937.82	ごまんよんせんきゅうひゃくさんじゅうななてんはちに
12,587.92	一万二千五百八十七てん九二
321.99	さんびゃくにじゅういちてんきゅうきゅう
25,000.50	にまんごせんごじゅうてんご
2,750.23	にせんななひゃくごじゅうてんにさん
85.60	はちじゅうごてんろくじゅう
99.99	きゅうじゅうきゅうてんきゅうじゅうえんきゅうじゅうきゅう
32.4	さんじゅうにてんよん
15,000.50	一万五千点五十
79.95	七十九てんきゅうご
45,678.90	よんまんごせんろくひゃくななじゅうはちてんきゅうじゅう
503.23	ごひゃくさんてんにじゅうさん
299.99	にひゃくきゅうじゅうきゅうてんきゅうじゅうきゅう
699.99	ろっぴゃくきゅうじゅうきゅうてんきゅうじゅうきゅう
6.68	ろくてんろっじゅうはち
2,100,000.75	にせんいちじゅうまんてんななじゅうご
2,796.66	にせんななひゃくきゅうじゅうろくてんろくろく
24,901.55	にまんよんせんきゅうひゃくいちじゅうてんご
57.89	ごじゅうななてんはちきゅう
32.15	さんじゅうにてんじゅうごれい
1,115.25	千百十五てんにじゅうご
44.68	よんじゅうよんてんろくはち
344.29	さんびゃくよんじゅうよんてんにきゅう
6.54	ろくてんごじゅうよん
452.78	よんひゃくごじゅうにてんななはち
9.83	九てんはちさん
250.50	にひゃくごじゅうてんごれい
31.42	さんじゅういちてんよんに
850.50	はっぴゃくごじゅうてんご
250.80	にひゃくごじゅうてんはちれい
43.20	よんじゅうさんてんにれい
4,810.45	よんせんはっぴゃくじゅうてんよんご
5.64	ごてんろくじゅうよん
1820.55	千八百二十点五五|千八百二十・五五
10.4	じゅうてんよん
209.87	にひゃくきゅうてんはちなな
5.50	ごてんごじゅうえん
21.0975	二十一・〇九七五
32.39	さんじゅうにてんさんじゅうきゅう
28,999.99	にまんはっせんきゅうひゃくきゅうじゅうきゅうてんきゅうきゅう
345.67	さんびゃくよんじゅうごてんろくじゅうなな
123.45	ひゃくにじゅうさんてんよんじゅうご
176.89	百七十六てんはちきゅう
3,674.89	さんせんろくひゃくななじゅうよんてんはちきゅう
165.8	百六十五てんはち
874,321.65	はちじゅうななまんよんせんさんびゃくにじゅういちてんろくご
828.03	はっぴゃくにじゅうはちてんさん
23.76	にじゅうさんてんななろく
32.56	さんじゅうにてんごじゅうろく
6,543,210.98	ろくせんごひゃくよんじゅうさんまんにせんはっぴゃくきゅうじゅうてんきゅうはち
345.62	さんびゃくよんじゅうごてんろくじゅうに
79.99	NA. In Japanese, the decimal separator is a full stop (.) while the comma (,) is used as a digit grouping symbol. Therefore, it is not possible to translate a number with a decimal comma.
8.24	八てんにじゅうよん
3.89	さんてんはちきゅう
2,301.78	にせんさんひゃくいちてんななはち
0.32	ゼロてんさんに
55.50	ごじゅうごてんごじゅうえん
50.99	ごじゅうてんきゅうじゅうえんきゅうじゅうせん
27.3	にじゅうななてんさん
385.7	さんびゃくはちじゅうごてんなな
29,999.56	にまんきゅうせんきゅうひゃくきゅうじゅうきゅうてんごろく
18	十八
12.95	じゅうにてんきゅうじゅうご
78.21	ななじゅうはちてんにじゅういち
2,01.39	NA
36.7	さんじゅうろくてんなな
1,000.50	千点五十
420.69	よんひゃくにじゅうてんろくきゅう
28.34	にじゅうはちてんさんじゅうよん
15,690.78	一万五千六百九十点七八
22.75	にじゅうにてんななご
342,567.92	さんじゅうよんまんにせんごひゃくろくじゅうななてんきゅうじゅうに
400.50	よんひゃくてんごじゅう
12.5	十二てんご
120.62	百二十てんろくに
1,295,076.63	千二百九十五万七十六円六十三銭 | せんにひゃくきゅうじゅうごまんななじゅうろくえんろくじゅうさんせん
320,487.89	さんじゅうにまんよんせんはっぴゃくはちじゅうななてんはちきゅう
7.23	ななてんにさん
25.68	にじゅうごてんろくじゅうはち
6,789.32	ろくせんななひゃくはちじゅうきゅうてんさんに
19,997.99	一万九千九百九十七円九十九銭|一万九千九百九十七円九十九セント
12,742	一万二千七百四十二
5	ご
1.47	いちてんよんなな
28.9	にじゅうはちてんきゅう
200.5	にひゃくてんご
2,775.8	にせんななひゃくななじゅうごてんはち
7.25	七てんにご
250.5	にひゃくごじゅうてんご
1,500.7	千五百点七
799.99	ななひゃくきゅうじゅうきゅうてんきゅうきゅう
1,800.50	千八百点五十
12,345.67	いちまんにせんさんびゃくよんじゅうごてんろくじゅうしち
132.09	百三十二てん九
2,783.92	にせんななひゃくはちじゅうさんてんきゅうに
1,245.67	千二百四十五てんろくじゅうなな
4.23	四てんにさん
98.76	きゅうじゅうはちてんななろく
27.89	にじゅうしちてんはちきゅう
876.54	はっぴゃくななじゅうろくてんごよん
120.87	百二十・八十七
5,678.99	ごせんろくひゃくななじゅうはちてんきゅうじゅうきゅう
120.50	百二十てんご
30.25	さんじゅうてんにご
10,000.15	一万点一五
10.05	十点○五
3,245.12	さんせんにひゃくよんじゅうごてんじゅうに
2,461.54	にせんよんひゃくろくじゅういちてんごよん
5,000.38	ごせんてんさんじゅうはってんさんじゅうはち
1,111.11	せんひゃくじゅういちてんじゅういち
76,543.99	ななまんろくせんごひゃくよんじゅうさんてんきゅうきゅう
1,200.35	千二百点三五
32.59	さんじゅうにてんごじゅうきゅう
15,500.25	一万五千五百円二十五銭 | 一万五千五百ドル二十五セント
1.21	いちてんにいちはん
4,500.90	よんせんごひゃくえんきゅうじゅうてんきゅう
750,000.80	ななじゅうごまんはっせんはちじゅうてんはち
18.50	十八てんご
5,600.75	ごせんろっぴゃくえんななじゅうごてん
0.77	ゼロてんななな
125.6	百二十五てんろく
65,432.12	ろくじゅうごまんよんせんさんびゃくさんじゅうにてんじゅうに
49.9	よんじゅうきゅうてんきゅう
-3.4	マイナスさんてんよん
109.76	ひゃくきゅうてんななろく
85.99	はちじゅうごてんきゅうじゅうきゅう
25.5	にじゅうごてんご
344.1	さんびゃくよんじゅうよんてんいち
125.9	百二十五てんく
13.61	十三てんろくいち
32.18	さんじゅうにてんじゅうはち
95.75	きゅうじゅうごてんななじゅうご
23,450.12	にまんさんびゃくよんじゅうごてんじゅうに
35.8	さんじゅうごてんはち
5000.25	ごせんてんにじゅうご
86.4	はちじゅうろくてんよん
7.65	ななてんろくご
168.9	百六十八てんきゅう
2.34	にてんさんじゅうよん
297.7	にひゃくきゅうじゅうななてんなな
32.99	さんじゅうにてんきゅうじゅうきゅう
0.95	NA. In Japanese, numbers less than 1 are usually expressed in decimals, not spelled out.
456.22	よんひゃくごじゅうろくてんにに
45.9	よんじゅうごてんきゅう
26.78	にじゅうろくてんななはち
12,500.75	一万二千五百点七五
250.37	にひゃくごじゅうてんさんじゅうなな
2794.61	にせんななひゃくきゅうじゅうよんてんろくいち
75.25	ななじゅうごてんにじゅうご
26.87	にじゅうろくてんはちなな
1,000,000.89	千万八十九
220.5	にひゃくにじゅうてんご
823.6	はっぴゃくにじゅうさんてんろく
2.36	にてんさんじゅうろく
139,822	百三十九千八百二十二
340.45	さんびゃくよんじゅうてんよんご
3,944.79	さんせんきゅうひゃくよんじゅうよんてんななきゅう
1,795.50	千七百九十五点五十
21.3	にじゅういちてんさん
99,999.99	きゅうじゅうきゅうまんきゅうせんきゅうひゃくきゅうじゅうてんきゅうじゅうきゅう
15.26	十五てんにろく
50,000.37	ごまんてんさんじゅうなな
91.44	きゅうじゅういちてんよんじゅうよん
1,200.75	千二百円七十五銭 | せんにひゃくえんななじゅうごせん
27.54	にじゅうしちてんごじゅうよん
5,250.75	五千二百五十・七十五
15,000.92	一万五千円九十二銭 | 一万五千ドル九十二セント
45,677.32	よんまんごせんろくひゃくななじゅうななてんさんに
8,350.26	八千三百五十点二六
70.25	ななじゅうてんにご
1,500.09	千五百点〇九
3,200.50	さんせんにひゃくてんごじゅう
1,299.99	千二百九十九円九十九銭 | せんにひゃくきゅうじゅうきゅうえんきゅうじゅうきゅうせん
112,345.67	せんひゃくじゅうにまんさんせんよんひゃくごじゅうてんろくなな
11.54	じゅういちてんごよん
86,881.4	はちまんろくせんはちひゃくはちじゅういちてんよん
8.3	はちてんさん
1,400	千四百 | せんよんひゃく
20,000	二万
6.16	ろくてんじゅうろく
25.9	にじゅうごてんきゅう
36,070	さんまんろくせんしちじゅう
50,000	ごまん
11.7	じゅういちてんなな
30.56	さんじゅうてんごろく
8.76	はちてんななろく
27.50	にじゅうしちてんごれい
53.29	ごじゅうさんてんにくまるきゅう
82.34	八十二てんさんじゅうよん
45.78	よんじゅうごてんななはち
60.52	ろくじゅうてんごじゅうに
23,450.99	にまんさんびゃくよんじゅうごてんきゅうじゅうきゅう
1,250.34	千二百五十・三十四
8.5	はちてんご
120.97	百二十点九七
3,276,500.25	さんまんにせんななひゃくろくじゅうごまんにせんごひゃくてんにじゅうご
3,500,000.50	さんひゃくごじゅうまんごせんてんごじゅう
32,987.75	さんまんにせんきゅうひゃくはちじゅうななてんななご
100	百
600.75	ろっぴゃくてんななじゅうご
120.89	百二十点八九
1,500.34	せんごひゃくてんさんじゅうよん
24.52	にじゅうよんてんごに
109.9	ひゃくきゅうてんきゅう
660,430	ろくじゅうろくまんよんせんさんびゃく三十
28.87	にじゅうはちてんはちなな
3,125.50	さんせんひゃくにじゅうごてんごじゅう
1,342.34	千三百四十二点三四
28.5	にじゅうはちてんご
167.2	百六十七てんに
29,032	にまんきゅうさんじゅうに
75	ななじゅうご
3.15	さんてんじゅうご
5,000.25	ごせんてんにじゅうごてんにちはん
36,070.71	さんまんろくせんしちじゅうてんなないち
872,123.50	はちじゅうななまんにせんひゃくにじゅうさんてんごれい
22.56	にじゅうにてんごろく
587,914.92	ごじゅうはちまんななせんきゅうひゃくじゅうよんてんきゅうに
6,614.68	ろくせんろっじゅういちてんろくはち
4.59	四てん五九
3,567.89	さんせんごひゃくろくじゅうななてんはちきゅう
42.56	四十二・五六
35,987.61	さんまんごせんきゅうひゃくはちじゅうななてんろくいち
23.87	にじゅうさんてんはちしち
1500.67	せんごひゃくてんろくじゅうなな
2,875.34	にせんはっぴゃくななじゅうごてんさんじゅうよん
275,000.57	にじゅうななまんごせんごひゃくてんごじゅうしち
29,029.2	にまんきゅうひゃくにじゅうきゅうてんに
243.02	にひゃくよんじゅうさんてんぜろに
2,450.5	にせんよんひゃくごじゅうてんご
1,650,000.50	百六十五万五千円五十銭 | 千六百五十万円五十銭
3947.04	さんせんきゅうひゃくよんじゅうななてんれいよん
1,254,987.34	千二百五十四万九千九百八十七てんさんじゅうよん
9,483.76	きゅうせんよんひゃくはちじゅうさんてんななろく
72.8	ななじゅうにてんはち
1.89	いってんはちきゅう
185.50	百八十五てんご
660,430.71	ろくじゅうろくまんよんせんさんびゃくさんじゅうてんなないち
8.99	NA. In Japanese, decimals are expressed using a different system than in English, and it is not common to spell out decimal numbers.
7.1	七てんいち
26.50	にじゅうろくてんごれい
4,500.80	よんせんごひゃくえんはちじゅうてん
1.75	一てんななご
2,800.25	にせんはっぴゃくてんにじゅうご
15.80	十五てんはちじゅう
178.90	百七十八てんきゅうじゅう
250,000.67	にじゅうごまんてんろくじゅうなな
1,245.99	千二百四十五てんきゅうじゅうきゅう
245.87	にひゃくよんじゅうごてんはちなな
310,525.75	さんじゅうまんごせんごひゃくにじゅうごてんななじゅうご
3,000.20	さんせんてんにじゅう
62,000.10	ろくまんにせんてんじゅうてんじゅう
2.1	にてんいち
500,000.50	ごじゅうまんえんごせんごじゅうてんご
1.61803398875	NA. This is a mathematical constant known as the golden ratio and it is not a number that can be spelled out in Japanese.
15,750.25	一万五千七百五十・二十五
10,994.03	一万九百九十四てん三
0.99	NA. In Japanese, numbers less than 1 are usually expressed in decimals, not spelled out.
28.63	にじゅうはちてんろくさん
700.32	ななひゃくてんさんじゅうにてんさんじゅうにちはん
19,000	いちまんきゅうせん
36.8	さんじゅうろくてんはち
23.54	にじゅうさんてんごよん
12.67	十二てんろくなな
82,103	八万二千百三
70	ななじゅう
1,000.53	千点五三
56.78	ごじゅうろくてんななはち
100.25	百てんにじゅうご
1080.67	せんはちじゅうてんろくじゅうなな
18,999.99	一万八千九百九十九円九十九銭 | 十八千九百九十九円九十九銭 | 一万八千九百九十九ドル九十九セント | 十八千九百九十九ドル九十九セント
1,345.67	千三百四十五てんろくじゅうしち
250,000.50	にじゅうごまんてんごじゅう
4.05	四てん五
7,654.32	ななせんろっぴゃくごじゅうよんてんさんじゅうに
23,456.78	にまんさんせんよんひゃくごじゅうろくてんななはち
44.5	よんじゅうよんてんご
1,000,000.99	千万九十九円九十九銭
30.57	さんじゅうてんごなな
167.3	百六十七てんさん
5.5	ごてんご
553.21	ごひゃくごじゅうさんてんにいちはち
986.54	九百八十六てん五四
372.8	さんびゃくななじゅうにてんはち
343.20	さんびゃくよんじゅうさんてんにれい
52.5	ごじゅうにてんご
2.8	にてんはち
65,000.50	ろくじゅうごまんごせんごじゅうてんご
2,800.56	にせんはっぴゃくごじゅうてんごろく
25.7	にじゅうごてんなな
8.90	はちてんきゅう
4,509.23	四千五百九円二十三銭 | よんせんごひゃくきゅうえんにじゅうさんせん
2.7	にてんなな
175.5	百七十五てんご
31.9	さんじゅういちてんきゅう
260,000.25	にじゅうろくまんごせんてんにじゅうごてんにご
27.86	にじゅうしちてんはちろく
7.63	ななてんろくさん
3.26	三てんにろく
375,000.50	さんじゅうななまんごせんごひゃくてんごじゅう
38.5	さんじゅうはちてんご
450.75	よんひゃくごじゅうてんななご
45.76	よんじゅうごてんななろく
38.72	さんじゅうはちてんななじゅうに
237.89	にひゃくさんじゅうななてんはちきゅう
3,879,999.99	さんせんはっぴゃくななじゅうきゅうまんきゅうせんきゅうひゃくきゅうじゅうきゅうてんきゅうきゅう
215.7	にひゃくじゅうごてんなな
55.4	ごじゅうごてんよん
24.89	にじゅうよんてんはちきゅう
599.99	ごひゃくきゅうじゅうきゅうてんきゅうじゅうきゅう
173,300.50	せんななひゃくさんじゅうさんまんさんせんさんびゃくごじゅうてんご
2,451.80	にせんよんひゃくごじゅういちてんはちれい
465.34	よんひゃくろくじゅうごてんさんじゅうよん
1,250.75	千二百五十・七十五
187.56	百八十七てんごろく
20.32	にじゅうてんさんじゅうに
24.50	にじゅうよんてんごじゅう
8,654.32	はっせんろくひゃくごじゅうよんてんさんじゅうに
24.67	にじゅうよんてんろくなな
2,536.45	にせんごひゃくさんじゅうろくてんよんご
78.60	ななじゅうはちてんろくじゅう
350,000.50	さんじゅうごまんごせんてんごじゅう
200.75	にひゃくてんななじゅうご
20.2	にじゅうてんに
456,789.01	よんじゅうごまんろくせんななひゃくはちじゅうきゅうてんぜろいち
5,585.72	ごせんごひゃくはちじゅうごてんななじゅうに
2500.15	にせんごひゃくてんじゅうご
180.75	百八十てんななご
2791.84	にせんななひゃくきゅうじゅういちてんはちよん
3,700.99	さんせんななひゃくてんきゅうじゅうきゅう
-5.32	マイナスごてんさんにてんに
100.50	百てんご
26.7	にじゅうろくてんなな
1,450,000.75	百四十五万七百五十点七五
50.56	ごじゅうてんごろく
12,567.89	一万二千五百六十七てんはちきゅう
18.6	十八てんろく
120.85	百二十てんはちご
0.02	ゼロてんに
2,310.75	にせんさんひゃくじゅうてんななご
45.3	よんじゅうごてんさん
7,632.89	ななせんろっぴゃくさんじゅうにてんはちきゅうたくはち
2.72	にてんななじゅうに
2,600.5	にせんろっぴゃくてんご
4.3	四てんさん
68.95	ろくじゅうはちてんきゅうご
-2.3	マイナスにてんさん
245.25	にひゃくよんじゅうごてんにじゅうご
1,600,000.75	百六十万点七五
80.5	八十点五
456.89	よんひゃくごじゅうろくてんはちきゅう
2.39	にてんさんじゅうきゅう
3,178,945.76	さんせんひゃくななじゅうはちまんきゅうせんよんひゃくごじゅうよんてんななろ
20.50	二十てんご
6,500.25	ろくせんごひゃくにじゅうごてんにじゅうご
9,875.42	きゅうせんはっぴゃくななじゅうごてんよんじゅうに
88.75	はちじゅうはちてんななご
3,145,923.67	さんせんいちよんごとうきゅうにさんてんろくしち
