6.7 million	6,7 Millionen|6,7 Mio.|6,7 Mill.
8 trillion	8 Billionen|acht Billionen
40 million	40 Millionen|40 Mio.|40 Mill.
2.4 billion	2,4 Milliarden|2,4 Mrd.|2,4 Md.|2,4 Mia.
177 billion	177 Milliarden|177 Mrd.|177 Md.|177 Mia.
1.4 billion	1,4 Milliarden|1,4 Mrd.|1,4 Md.|1,4 Mia.
28 trillion	28 Billionen|achtundzwanzig Billionen
200 million	200 Millionen|200 Mio.|200 Mill.
5 trillion	5 Billionen|fünf Billionen
152 billion	152 Milliarden|152 Mrd.|152 Md.|152 Mia.
100 billion	100 Milliarden|100 Mrd.|100 Md.|100 Mia.
1.2 million	1,2 Millionen|1,2 Mio.
86 billion	86 Milliarden|86 Mrd.|86 Md.|86 Mia.
800 billion	800 Milliarden|800 Mrd.|800 Md.|800 Mia.
80 million	80 Millionen|80 Mio.|80 Mill.
8 million	8 Millionen|8 Mio.|8 Mill.
4.5 trillion	4,5 Billionen|4,5 Billion
277 trillion	277 Billionen|277.000 Milliarden|277.000 Mrd.|277.000 Md.|277.000 Mia.
7 million	7 Millionen|7 Mio.|7 Mill.
6 trillion	6 Billionen|sechs Billionen
1.5 million	1,5 Millionen|1,5 Mio.|1,5 Mill.
8 billion	8 Milliarden|8 Mrd.|8 Md.|8 Mia.
450 million	450 Millionen|450 Mio.|450 Mill.
20 million	20 Millionen|20 Mio.|20 Mill.
3 trillion	3 Billionen|drei Billionen
34 million	34 Millionen|34 Mio.|34 Mill.
200 billion	200 Milliarden|200 Mrd.|200 Md.|200 Mia.
3.6 million	3,6 Millionen|3,6 Mio.|3,6 Mill.
5 million	5 Millionen|5 Mio.|5 Mill.
3.1 trillion	3,1 Billionen|drei Komma eins Billionen
716.6 billion	716,6 Milliarden|716,6 Mrd.|716,6 Md.|716,6 Mia.
210 billion	210 Milliarden|210 Mrd.|210 Md.|210 Mia.
18 trillion	18 Billionen|achtzehn Billionen
7.6 trillion	7,6 Billionen|sieben Komma sechs Billionen
1 trillion	1 Billion|eine Billion
300 billion	300 Milliarden|300 Mrd.|300 Md.|300 Mia.
6 million	6 Millionen|6 Mio.|6 Mill.
134 billion	134 Milliarden|134 Mrd.|134 Md.|134 Mia.
7.8 billion	7,8 Milliarden|7,8 Mrd.|7,8 Md.|7,8 Mia.
150 billion	150 Milliarden|150 Mrd.|150 Md.|150 Mia.
25 billion	25 Milliarden|25 Mrd.|25 Md.|25 Mia.
153 billion	153 Milliarden|153 Mrd.|153 Md.|153 Mia.
140 billion	140 Milliarden|140 Mrd.|140 Md.|140 Mia.
1 billion	1 Milliarde|eine Milliarde
900 million	900 Millionen|900 Mio.|900 Mill.
63.8 million	63,8 Millionen|63,8 Mio.|63,8 Mill.
4.54 billion	4,54 Milliarden|4,54 Mrd.|4,54 Md.|4,54 Mia.
678.7 billion	678,7 Milliarden|678,7 Mrd.|678,7 Md.|678,7 Mia.
293 million	293 Millionen|293 Mio.|293 Mill.
802 billion	802 Milliarden|802 Mrd.|802 Md.|802 Mia.
62 billion	62 Milliarden|62 Mrd.|62 Md.|62 Mia.
2.3 trillion	2,3 Billionen|zwei Komma drei Billionen
4.2 trillion	4,2 Billionen|4,2 Billionen
7 billion	7 Milliarden|7 Mrd.|7 Md.|7 Mia.
100 million	100 Millionen|100 Mio.|100 Mill.
501.3 billion	501,3 Milliarden|501,3 Mrd.|501,3 Md.|501,3 Mia.
10 million	10 Millionen|10 Mio.|10 Mill.
900 billion	900 Milliarden|900 Mrd.|900 Md.|900 Mia.
4.8 trillion	4,8 Billionen|4,8 Bio.|4,8 Bn.|4,8 Billiarden|4,8 Billiarde|vier Komma acht Billionen|vier Komma acht Bio.
10 billion	10 Milliarden|10 Mrd.|10 Md.|10 Mia.
3.5 trillion	3,5 Billionen|drei Komma fünf Billionen
821 million	821 Millionen|821 Mio.|821 Mill.
33.1 billion	33,1 Milliarden|33,1 Mrd.|33,1 Md.|33,1 Mia.
125 billion	125 Milliarden|125 Mrd.|125 Md.|125 Mia.
1.9 trillion	1,9 Billionen|1,9 Bio.|1,9 Bill.|1,9 Tsd. Mrd.
2.25 trillion	2,25 Billionen|zwei Komma zwei fünf Billionen
13.8 billion	13,8 Milliarden|13,8 Mrd.|13,8 Md.|13,8 Mia.
274.5 billion	274,5 Milliarden|274,5 Mrd.|274,5 Md.|274,5 Mia.
7.9 million	7,9 Millionen|7,9 Mio.|7,9 Mill.
1.5 trillion	1,5 Billionen|1,5 Bio.|1,5 Bill.|1,5 Tsd. Mrd.
600 billion	600 Milliarden|600 Mrd.|600 Md.|600 Mia.
190.61 billion	190,61 Milliarden|190,61 Mrd.|190,61 Md.|190,61 Mia.
7.5 billion	7,5 Milliarden|7,5 Mrd.|7,5 Md.|7,5 Mia.
1.3 million	1,3 Millionen|1,3 Mio.|1,3 Mill.
232.89 billion	232,89 Milliarden|232,89 Mrd.|232,89 Md.|232,89 Mia.
285 billion	285 Milliarden|285 Mrd.|285 Md.|285 Mia.
530 million	530 Millionen|530 Mio.|530 Mill.
529 billion	529 Milliarden|529 Mrd.|529 Md.|529 Mia.
27.9 billion	27,9 Milliarden|27,9 Mrd.|27,9 Md.|27,9 Mia.
92 billion	92 Milliarden|92 Mrd.|92 Md.|92 Mia.
2 billion	2 Milliarden|2 Mrd.|2 Md.|2 Mia.
180 billion	180 Milliarden|180 Mrd.|180 Md.|180 Mia.
2 trillion	2 Billionen|zwei Billionen
21.3 billion	21,3 Milliarden|21,3 Mrd.|21,3 Md.|21,3 Mia.
1.366 billion	1,366 Milliarden|1,366 Mrd.|1,366 Md.|1,366 Mia.
181 billion	181 Milliarden|181 Mrd.|181 Md.|181 Mia.
274 billion	274 Milliarden|274 Mrd.|274 Md.|274 Mia.
42 billion	42 Milliarden|42 Mrd.|42 Md.|42 Mia.
1.3 trillion	1,3 Billionen|1,3 Bio.|1,3 Bill.|1,3 Tsd. Milliarden
14.3 trillion	14,3 Billionen|vierzehn Komma drei Billionen
25.2 billion	25,2 Milliarden|25,2 Mrd.|25,2 Md.|25,2 Mia.
1.3 billion	1,3 Milliarden|1,3 Mrd.|1,3 Md.|1,3 Mia.
15.4 billion	15,4 Milliarden|15,4 Mrd.|15,4 Md.|15,4 Mia.
326.4 million	326,4 Millionen|326,4 Mio.|326,4 Mill.
229.5 billion	229,5 Milliarden|229,5 Mrd.|229,5 Md.|229,5 Mia.
4.5 billion	4,5 Milliarden|4,5 Mrd.|4,5 Md.|4,5 Mia.
23 trillion	23 Billionen|dreiundzwanzig Billionen
471 billion	471 Milliarden|471 Mrd.|471 Md.|471 Mia.
4 million	4 Millionen|4 Mio.|4 Mill.
66 million	66 Millionen|66 Mio.|66 Mill.
7.9 trillion	7,9 Billionen|7,9 Bio.|7,9 Bn.|7,9 Billiarden|7,9 Billiarde
76 million	76 Millionen|76 Mio.|76 Mill.
40 billion	40 Milliarden|40 Mrd.|40 Md.|40 Mia.
11 billion	11 Milliarden|11 Mrd.|11 Md.|11 Mia.
380 million	380 Millionen|380 Mio.|380 Mill.
190 billion	190 Milliarden|190 Mrd.|190 Md.|190 Mia.
39.5 million	39,5 Millionen|39,5 Mio.|39,5 Mill.
500 billion	500 Milliarden|500 Mrd.|500 Md.|500 Mia.
302.6 million	302,6 Millionen|302,6 Mio.|302,6 Mill.
110.8 billion	110,8 Milliarden|110,8 Mrd.|110,8 Md.|110,8 Mia.
705 million	705 Millionen|705 Mio.|705 Mill.
2.7 trillion	2,7 Billionen|zwei Komma sieben Billionen
38 million	38 Millionen|38 Mio.|38 Mill.
4.9 trillion	4,9 Billionen|4,9 Billionen
330 billion	330 Milliarden|330 Mrd.|330 Md.|330 Mia.
1 million	1 Million|eine Million
17 billion	17 Milliarden|17 Mrd.|17 Md.|17 Mia.
400 billion	400 Milliarden|400 Mrd.|400 Md.|400 Mia.
27 trillion	27 Billionen|siebenundzwanzig Billionen
5.6 billion	5,6 Milliarden|5,6 Mrd.|5,6 Md.|5,6 Mia.
386 billion	386 Milliarden|386 Mrd.|386 Md.|386 Mia.
2.4 trillion	2,4 Billionen|zwei Komma vier Billionen
12 million	12 Millionen|12 Mio.|12 Mill.
218 billion	218 Milliarden|218 Mrd.|218 Md.|218 Mia.
5 billion	5 Milliarden|5 Mrd.|5 Md.|5 Mia.
18 million	18 Millionen|18 Mio.|18 Mill.
12 billion	12 Milliarden|12 Mrd.|12 Md.|12 Mia.
60 million	60 Millionen|60 Mio.|60 Mill.
3.8 billion	3,8 Milliarden|3,8 Mrd.|3,8 Md.|3,8 Mia.
15 million	15 Millionen|15 Mio.|15 Mill.
650 million	650 Millionen|650 Mio.|650 Mill.
700 billion	700 Milliarden|700 Mrd.|700 Md.|700 Mia.
2.7 billion	2,7 Milliarden|2,7 Mrd.|2,7 Md.|2,7 Mia.
820 million	820 Millionen|820 Mio.|820 Mill.
95 billion	95 Milliarden|95 Mrd.|95 Md.|95 Mia.
25.4 billion	25,4 Milliarden|25,4 Mrd.|25,4 Md.|25,4 Mia.
30 billion	30 Milliarden|30 Mrd.|30 Md.|30 Mia.
4.6 billion	4,6 Milliarden|4,6 Mrd.|4,6 Md.|4,6 Mia.
1.6 million	1,6 Millionen|1,6 Mio.|1,6 Mill.
28 billion	28 Milliarden|28 Mrd.|28 Md.|28 Mia.
130 billion	130 Milliarden|130 Mrd.|130 Md.|130 Mia.
7 trillion	7 Billionen|sieben Billionen
93 million	93 Millionen|93 Mio.|93 Mill.
17 million	17 Millionen|17 Mio.|17 Mill.
38.5 million	38,5 Millionen|38,5 Mio.|38,5 Mill.
74 billion	74 Milliarden|74 Mrd.|74 Md.|74 Mia.
44.4 billion	44,4 Milliarden|44,4 Mrd.|44,4 Md.|44,4 Mia.
483.8 million	483,8 Millionen|483,8 Mio.|483,8 Mill.
8.3 billion	8,3 Milliarden|8,3 Mrd.|8,3 Md.|8,3 Mia.
715 billion	715 Milliarden|715 Mrd.|715 Md.|715 Mia.
1.9 billion	1,9 Milliarden|1,9 Mrd.|1,9 Md.|1,9 Mia.
42.2 billion	42,2 Milliarden|42,2 Mrd.|42,2 Md.|42,2 Mia.
420 billion	420 Milliarden|420 Mrd.|420 Md.|420 Mia.
24.6 billion	24,6 Milliarden|24,6 Mrd.|24,6 Md.|24,6 Mia.
96.8 billion	96,8 Milliarden|96,8 Mrd.|96,8 Md.|96,8 Mia.
29.4 billion	29,4 Milliarden|29,4 Mrd.|29,4 Md.|29,4 Mia.
162.34 billion	162,34 Milliarden|162,34 Mrd.|162,34 Md.|162,34 Mia.
7.77 million	7,77 Millionen|7,77 Mio.|7,77 Mill.
218 million	218 Millionen|218 Mio.|218 Mill.
332 billion	332 Milliarden|332 Mrd.|332 Md.|332 Mia.
91.6 billion	91,6 Milliarden|91,6 Mrd.|91,6 Md.|91,6 Mia.
802.81 billion	802,81 Milliarden|802,81 Mrd.|802,81 Md.|802,81 Mia.
510 million	510 Millionen|510 Mio.|510 Mill.
361 billion	361 Milliarden|361 Mrd.|361 Md.|361 Mia.
93 billion	93 Milliarden|93 Mrd.|93 Md.|93 Mia.
113 billion	113 Milliarden|113 Mrd.|113 Md.|113 Mia.
1.4 trillion	1,4 Billionen|1,4 Bio.|1,4 Bill.|1,4 Tsd. Mrd.
152 million	152 Millionen|152 Mio.|152 Mill.
74 million	74 Millionen|74 Mio.|74 Mill.
2.5 trillion	2,5 Billionen|zwei Komma fünf Billionen
3 billion	3 Milliarden|3 Mrd.|3 Md.|3 Mia.
36 million	36 Millionen|36 Mio.|36 Mill.
850 million	850 Millionen|850 Mio.|850 Mill.
150 million	150 Millionen|150 Mio.|150 Mill.
170 billion	170 Milliarden|170 Mrd.|170 Md.|170 Mia.
21 billion	21 Milliarden|21 Mrd.|21 Md.|21 Mia.
135 billion	135 Milliarden|135 Mrd.|135 Md.|135 Mia.
374 billion	374 Milliarden|374 Mrd.|374 Md.|374 Mia.
61.8 billion	61,8 Milliarden|61,8 Mrd.|61,8 Md.|61,8 Mia.
430 billion	430 Milliarden|430 Mrd.|430 Md.|430 Mia.
99.2 million	99,2 Millionen|99,2 Mio.|99,2 Mill.
18 billion	18 Milliarden|18 Mrd.|18 Md.|18 Mia.
1.2 billion	1,2 Milliarden|1,2 Mrd.|1,2 Md.|1,2 Mia.
10 trillion	10 Billionen|zehn Billionen
56 billion	56 Milliarden|56 Mrd.|56 Md.|56 Mia.
31.5 billion	31,5 Milliarden|31,5 Mrd.|31,5 Md.|31,5 Mia.
159 billion	159 Milliarden|159 Mrd.|159 Md.|159 Mia.
2.4 million	2,4 Millionen|2,4 Mio.|2,4 Mill.
8.9 billion	8,9 Milliarden|8,9 Mrd.|8,9 Md.|8,9 Mia.
559 billion	559 Milliarden|559 Mrd.|559 Md.|559 Mia.
275 billion	275 Milliarden|275 Mrd.|275 Md.|275 Mia.
40 trillion	40 Billionen|vierzig Billionen
21.33 billion	21,33 Milliarden|21,33 Mrd.|21,33 Md.|21,33 Mia.
70.2 billion	70,2 Milliarden|70,2 Mrd.|70,2 Md.|70,2 Mia.
1.6 trillion	1,6 Billionen|1,6 Bio.|1,6 Bill.|1,6 Tsd. Milliarden
64 billion	64 Milliarden|64 Mrd.|64 Md.|64 Mia.
2.9 trillion	2,9 Billionen|zwei Komma neun Billionen
70.7 billion	70,7 Milliarden|70,7 Mrd.|70,7 Md.|70,7 Mia.
19.5 billion	19,5 Milliarden|19,5 Mrd.|19,5 Md.|19,5 Mia.
21.76 billion	21,76 Milliarden|21,76 Mrd.|21,76 Md.|21,76 Mia.
7.9 billion	7,9 Milliarden|7,9 Mrd.|7,9 Md.|7,9 Mia.
19 billion	19 Milliarden|19 Mrd.|19 Md.|19 Mia.
345.6 billion	345,6 Milliarden|345,6 Mrd.|345,6 Md.|345,6 Mia.
160 billion	160 Milliarden|160 Mrd.|160 Md.|160 Mia.
111.4 billion	111,4 Milliarden|111,4 Mrd.|111,4 Md.|111,4 Mia.
4.28 trillion	4,28 Billionen|vier Komma achtundzwanzig Billionen
2.8 billion	2,8 Milliarden|2,8 Mrd.|2,8 Md.|2,8 Mia.
360 billion	360 Milliarden|360 Mrd.|360 Md.|360 Mia.
4 trillion	4 Billionen|vier Billionen
270 billion	270 Milliarden|270 Mrd.|270 Md.|270 Mia.
37 billion	37 Milliarden|37 Mrd.|37 Md.|37 Mia.
14.2 million	14,2 Millionen|14,2 Mio.|14,2 Mill.
69 trillion	69 Billionen|neunundsechzig Billionen
3.53 trillion	3,53 Billionen|drei Komma dreiundfünfzig Billionen
271 million	271 Millionen|271 Mio.|271 Mill.
27.3 trillion	27,3 Billionen|siebenundzwanzig Komma drei Billionen
360 trillion	360 Billionen|360 Billiarden|dreihundertsechzig Billionen|3.6·10^14
14 trillion	14 Billionen|vierzehn Billionen
400 million	400 Millionen|400 Mio.|400 Mill.
500 million	500 Millionen|500 Mio.|500 Mill.
2 million	2 Millionen|2 Mio.|2 Mill.
1.5 billion	1,5 Milliarden|1,5 Mrd.|1,5 Md.|1,5 Mia.
70 million	70 Millionen|70 Mio.|70 Mill.
237 billion	237 Milliarden|237 Mrd.|237 Md.|237 Mia.
8.7 million	8,7 Millionen|8,7 Mio.|8,7 Mill.
166 billion	166 Milliarden|166 Mrd.|166 Md.|166 Mia.
161 billion	161 Milliarden|161 Mrd.|161 Md.|161 Mia.
740.5 billion	740,5 Milliarden|740,5 Mrd.|740,5 Md.|740,5 Mia.
554 billion	554 Milliarden|554 Mrd.|554 Md.|554 Mia.
30 million	30 Millionen|30 Mio.|30 Mill.
85 billion	85 Milliarden|85 Mrd.|85 Md.|85 Mia.
2.5 million	2,5 Millionen|2,5 Mio.|2,5 Mill.
37.4 million	37,4 Millionen|37,4 Mio.|37,4 Mill.
198 billion	198 Milliarden|198 Mrd.|198 Md.|198 Mia.
9.7 billion	9,7 Milliarden|9,7 Mrd.|9,7 Md.|9,7 Mia.
2.1 million	2,1 Millionen|2,1 Mio.|2,1 Mill.
16.16 trillion	16,16 Billionen|16,16 Billionen
1.25 trillion	1,25 Billionen|1,25 Bill.|1,25 B.|1,25 Bio.
2.3 million	2,3 Millionen|2,3 Mio.|2,3 Mill.
11.59 billion	11,59 Milliarden|11,59 Mrd.|11,59 Md.|11,59 Mia.
600 million	600 Millionen|600 Mio.|600 Mill.
9 billion	9 Milliarden|9 Mrd.|9 Md.|9 Mia.
1.1 trillion	1,1 Billionen|1,1 Bio.|1,1 Bill.
690 million	690 Millionen|690 Mio.|690 Mill.
7.7 billion	7,7 Milliarden|7,7 Mrd.|7,7 Md.|7,7 Mia.
1.7 billion	1,7 Milliarden|1,7 Mrd.|1,7 Md.|1,7 Mia.
90 billion	90 Milliarden|90 Mrd.|90 Md.|90 Mia.
2.5 billion	2,5 Milliarden|2,5 Mrd.|2,5 Md.|2,5 Mia.
20.15 billion	20,15 Milliarden|20,15 Mrd.|20,15 Md.|20,15 Mia.
13.7 billion	13,7 Milliarden|13,7 Mrd.|13,7 Md.|13,7 Mia.
385 million	385 Millionen|385 Mio.|385 Mill.
120 billion	120 Milliarden|120 Mrd.|120 Md.|120 Mia.
30 trillion	30 Billionen|dreißig Billionen
36.8 billion	36,8 Milliarden|36,8 Mrd.|36,8 Md.|36,8 Mia.
350 million	350 Millionen|350 Mio.|350 Mill.
87 million	87 Millionen|87 Mio.|87 Mill.
2.59 trillion	2,59 Billionen|zwei Komma59 Billionen|2590 Milliarden|2590 Mrd.|2590 Md.|2590 Mia.
457 million	457 Millionen|457 Mio.|457 Mill.
4.4 trillion	4,4 Billionen|4,4 Tausend Milliarden|4,4 Billiarden|4,4 Bio.|4,4 Tn.
8.7 trillion	8,7 Billionen|8,7 Mrd. Milliarden|8,7 Tausend Milliarden|8,7 Billiarden|8,7 Trillionen
3 million	3 Millionen|3 Mio.|3 Mill.
984 billion	984 Milliarden|984 Mrd.|984 Md.|984 Mia.
2.6 billion	2,6 Milliarden|2,6 Mrd.|2,6 Md.|2,6 Mia.
3.5 million	3,5 Millionen|3,5 Mio.|3,5 Mill.
4.7 billion	4,7 Milliarden|4,7 Mrd.|4,7 Md.|4,7 Mia.
2.2 trillion	2,2 Billionen|zwei Komma zwei Billionen
1.6 billion	1,6 Milliarden|1,6 Mrd.|1,6 Md.|1,6 Mia.
303 billion	303 Milliarden|303 Mrd.|303 Md.|303 Mia.
280.5 billion	280,5 Milliarden|280,5 Mrd.|280,5 Md.|280,5 Mia.
1.48 trillion	1,48 Billionen|1,48 Bill.|1,48 Bn.|1,48 Bio.
4.4 million	4,4 Millionen|4,4 Mio.|4,4 Mill.
686 billion	686 Milliarden|686 Mrd.|686 Md.|686 Mia.
300 million	300 Millionen|300 Mio.|300 Mill.
240 billion	240 Milliarden|240 Mrd.|240 Md.|240 Mia.
13 billion	13 Milliarden|13 Mrd.|13 Md.|13 Mia.
100 trillion	100 Billionen|100 Billiarden|einhundert Billionen|1E+14
630 billion	630 Milliarden|630 Mrd.|630 Md.|630 Mia.
4.3 billion	4,3 Milliarden|4,3 Mrd.|4,3 Md.|4,3 Mia.
26.2 billion	26,2 Milliarden|26,2 Mrd.|26,2 Md.|26,2 Mia.
20 billion	20 Milliarden|20 Mrd.|20 Md.|20 Mia.
548 billion	548 Milliarden|548 Mrd.|548 Md.|548 Mia.
1.54 billion	1,54 Milliarden|1,54 Mrd.|1,54 Md.|1,54 Mia.
50 million	50 Millionen|50 Mio.|50 Mill.
44.3 billion	44,3 Milliarden|44,3 Mrd.|44,3 Md.|44,3 Mia.
49 billion	49 Milliarden|49 Mrd.|49 Md.|49 Mia.
21 trillion	21 Billionen|einundzwanzig Billionen
2,802 billion	2,802 Billionen|2,802 Bill.|2,802 Bn.|2,802 Tausend Milliarden|2,802 Tausend Mrd.|2,802 Tausend Md.|2,802 Tausend Mia.
14 billion	14 Milliarden|14 Mrd.|14 Md.|14 Mia.
7.8 million	7,8 Millionen|7,8 Mio.|7,8 Mill.
2.85 billion	2,85 Milliarden|2,85 Mrd.|2,85 Md.|2,85 Mia.
805.61 billion	805,61 Milliarden|805,61 Mrd.|805,61 Md.|805,61 Mia.
265.6 billion	265,6 Milliarden|265,6 Mrd.|265,6 Md.|265,6 Mia.
359 million	359 Millionen|359 Mio.|359 Mill.
4.2 million	4,2 Millionen|4,2 Mio.|4,2 Mill.
740 billion	740 Milliarden|740 Mrd.|740 Md.|740 Mia.
3.2 billion	3,2 Milliarden|3,2 Mrd.|3,2 Md.|3,2 Mia.
199.9 billion	199,9 Milliarden|199,9 Mrd.|199,9 Md.|199,9 Mia.
710 million	710 Millionen|710 Mio.|710 Mill.
92 million	92 Millionen|92 Mio.|92 Mill.
97 billion	97 Milliarden|97 Mrd.|97 Md.|97 Mia.
700 million	700 Millionen|700 Mio.|700 Mill.
60 billion	60 Milliarden|60 Mrd.|60 Md.|60 Mia.
250 billion	250 Milliarden|250 Mrd.|250 Md.|250 Mia.
193 billion	193 Milliarden|193 Mrd.|193 Md.|193 Mia.
28.4 trillion	28,4 Billionen|achtundzwanzig Komma vier Billionen
1.39 million	1,39 Millionen|1,39 Mio.|1,39 Mill.
2.3 billion	2,3 Milliarden|2,3 Mrd.|2,3 Md.|2,3 Mia.
2.8 million	2,8 Millionen|2,8 Mio.|2,8 Mill.
31 trillion	31 Billionen|einunddreißig Billionen
26 billion	26 Milliarden|26 Mrd.|26 Md.|26 Mia.
1.39 billion	1,39 Milliarden|1,39 Mrd.|1,39 Md.|1,39 Mia.
9 million	9 Millionen|9 Mio.|9 Mill.
35 million	35 Millionen|35 Mio.|35 Mill.
200 trillion	200 Billiarden|200 Bln.|200 Bio.|200 Billionen
3.78 billion	3,78 Milliarden|3,78 Mrd.|3,78 Md.|3,78 Mia.
419 billion	419 Milliarden|419 Mrd.|419 Md.|419 Mia.
260 billion	260 Milliarden|260 Mrd.|260 Md.|260 Mia.
1.7 trillion	1,7 Billionen|1,7 Bio.|1,7 Bn.|1,7 Bill.
68 billion	68 Milliarden|68 Mrd.|68 Md.|68 Mia.
1,300 trillion	1,3 Trillionen|eine Billiarde dreihundert Billionen
488.3 billion	488,3 Milliarden|488,3 Mrd.|488,3 Md.|488,3 Mia.
522 billion	522 Milliarden|522 Mrd.|522 Md.|522 Mia.
4.79 trillion	4,79 Billionen|4,79 Billionen
522 million	522 Millionen|522 Mio.|522 Mill.
179 billion	179 Milliarden|179 Mrd.|179 Md.|179 Mia.
22 trillion	22 Billionen|zweiundzwanzig Billionen
12.6 billion	12,6 Milliarden|12,6 Mrd.|12,6 Md.|12,6 Mia.
2.799 million	2,799 Millionen|2,799 Mio.|2,799 Mill.
11 million	11 Millionen|11 Mio.|11 Mill.
110 billion	110 Milliarden|110 Mrd.|110 Md.|110 Mia.
43 billion	43 Milliarden|43 Mrd.|43 Md.|43 Mia.
13.1 million	13,1 Millionen|13,1 Mio.|13,1 Mill.
266.4 billion	266,4 Milliarden|266,4 Mrd.|266,4 Md.|266,4 Mia.
15 trillion	15 Billionen|fünfzehn Billionen
570 million	570 Millionen|570 Mio.|570 Mill.
4000 billion	4 Billionen|vier Billionen
140 million	140 Millionen|140 Mio.|140 Mill.
41.7 billion	41,7 Milliarden|41,7 Mrd.|41,7 Md.|41,7 Mia.
1.2 trillion	1,2 Billionen|1,2 Bio.|1,2 Bn.|1,2 Bill.
197 billion	197 Milliarden|197 Mrd.|197 Md.|197 Mia.
145 million	145 Millionen|145 Mio.|145 Mill.
101 million	101 Millionen|101 Mio.|101 Mill.
2.6 trillion	2,6 Billionen|zwei Komma sechs Billionen
23.3 billion	23,3 Milliarden|23,3 Mrd.|23,3 Md.|23,3 Mia.
2.7 million	2,7 Millionen|2,7 Mio.|2,7 Mill.
77.2 billion	77,2 Milliarden|77,2 Mrd.|77,2 Md.|77,2 Mia.
21.4 trillion	21,4 Billionen|einundzwanzig Komma vier Billionen
21.5 billion	21,5 Milliarden|21,5 Mrd.|21,5 Md.|21,5 Mia.
6 billion	6 Milliarden|6 Mrd.|6 Md.|6 Mia.
32 million	32 Millionen|32 Mio.|32 Mill.
640 billion	640 Milliarden|640 Mrd.|640 Md.|640 Mia.
75 million	75 Millionen|75 Mio.|75 Mill.
834 billion	834 Milliarden|834 Mrd.|834 Md.|834 Mia.
37.2 trillion	37,2 Billionen|37,2 Bill.|37,2 Bln.|37,2 Bio.
1.35 million	1,35 Millionen|1,35 Mio.|1,35 Mill.
5.25 trillion	5,25 Billionen|5,25 Billionen
3.5 billion	3,5 Milliarden|3,5 Mrd.|3,5 Md.|3,5 Mia.
1.4 million	1,4 Millionen|1,4 Mio.|1,4 Mill.
204 billion	204 Milliarden|204 Mrd.|204 Md.|204 Mia.
575 million	575 Millionen|575 Mio.|575 Mill.
4.75 billion	4,75 Milliarden|4,75 Mrd.|4,75 Md.|4,75 Mia.
756 billion	756 Milliarden|756 Mrd.|756 Md.|756 Mia.
195 billion	195 Milliarden|195 Mrd.|195 Md.|195 Mia.
1.33 billion	1,33 Milliarden|1,33 Mrd.|1,33 Md.|1,33 Mia.
142 billion	142 Milliarden|142 Mrd.|142 Md.|142 Mia.
196 billion	196 Milliarden|196 Mrd.|196 Md.|196 Mia.
229 million	229 Millionen|229 Mio.|229 Mill.
39.7 billion	39,7 Milliarden|39,7 Mrd.|39,7 Md.|39,7 Mia.
647 billion	647 Milliarden|647 Mrd.|647 Md.|647 Mia.
870 billion	870 Milliarden|870 Mrd.|870 Md.|870 Mia.
152.1 billion	152,1 Milliarden|152,1 Mrd.|152,1 Md.|152,1 Mia.
395.5 billion	395,5 Milliarden|395,5 Mrd.|395,5 Md.|395,5 Mia.
