365	dreihundertfünfundsechzig
1776	eintausendsiebenhundertsechsundsiebzig
5	fünf
7000000	sieben Millionen|sieben Mio.|sieben Mill.
14	vierzehn
48	achtundvierzig
100000	einhunderttausend
828	achthundertachtundzwanzig
1887	eintausendachthundertsiebenundachtzig
160	einhundertsechzig
8848	achttausendachthundertachtundvierzig
123	einhundertdreiundzwanzig
15,000	fünfzehntausend
500,000	fünfhunderttausend|500.000|500 Tsd.
1997	neunzehnhundertsiebenundneunzig
3000	dreitausend
185	einhundertfünfundachtzig
15000	fünfzehntausend
500000	fünfhunderttausend|500.000|500000
75000	fünfundsiebzigtausend
799	siebenhundertneunundneunzig
3	drei
9	neun
100	einhundert
50	fünfzig
7	sieben
25	fünfundzwanzig
400	vierhundert
3,500,000	drei Millionen fünfhunderttausend|3,5 Millionen|drei Mio. fünfhunderttausend|3,5 Mio.
369	dreihundertneunundsechzig
5,500	fünftausendfünfhundert|fünf Komma fünftausend
124,700,000	einhundertvierundzwanzig Millionen siebenhunderttausend|einhundertvierundzwanzig Mio. siebenhunderttausend|einhundertvierundzwanzig Mill. siebenhunderttausend
1,200	eintausendzweihundert
2,100	zweitausendeinhundert|zweitausendeins hundert
120	einhundertzwanzig
101	einhunderteins
5000	fünftausend
16000	sechzehntausend
28	achtundzwanzig
10994	zehntausendneunhundertvierundneunzig
21,000	einundzwanzigtausend
173,000	einhundertdreiundsiebzigtausend|173.000
5,895	fünftausendachthundertfünfundneunzig
13,515,271	dreizehn Millionen fünfhundertfünfzehntausendzweihunderteinundsiebzig|dreizehn Mio. fünfhundertfünfzehn Tsd. zweihunderteinundsiebzig|dreizehn Milliarden fünfhundertfünfzehntausendzweihunderteinundsiebzig|dreizehn Mrd. fünfhundertfünfz
42	zweiundvierzig
250,000	zweihundertfünfzigtausend|250.000
600	sechshundert
1,000	eintausend
6,500	sechstausendfünfhundert
11,000	elftausend
29,029	neunundzwanzigtausendneunundzwanzig
90	neunzig
200,000	zweihunderttausend
4	vier
13	dreizehn
2,500	zweitausendfünfhundert|2500
3,000	dreitausend
1300	eintausenddreihundert
102	einhundertzwei
300	dreihundert
36	sechsunddreißig
12	zwölf
78	achtundsiebzig
1,500,000	eine Million fünfhunderttausend|eine Mio. fünfhunderttausend|eine Million fünfhundert Tsd.|eine Mio. fünfhundert Tsd.|1,5 Millionen|1,5 Mio.|eineinhalb Millionen|eineinhalb Mio.|eine halbe Million mehr als eine Million
70	siebzig
364	dreihundertvierundsechzig
32	zweiunddreißig
1200	eintausendzweihundert
20	zwanzig
1000000	eine Million|eine Mio.|eine Mill.
2	zwei
50,000	fünfzigtausend
2300	zweitausenddreihundert
4202	vier­tau­send­zwei­hundert­zwei
5500	fünftausendfünfhundert
3700	dreitausendsiebenhundert
45000	fünfundvierzigtausend
150000	einhundertfünfzigtausend|150.000
17500	siebzehntausendfünfhundert
65	fünfundsechzig
24	vierundzwanzig
2,500,000	zwei Millionen fünfhunderttausend|zwei Mio. fünfhunderttausend|zwei Mill. fünfhunderttausend
35,000	fünfunddreißigtausend
80	achtzig
72	zweiundsiebzig
220	zweihundertzwanzig
2000	zweitausend
145	einhundertfünfundvierzig
24000	vierundzwanzigtausend
120000	einhundertzwanzigtausend|120.000
16,000	sechzehntausend
1,500	eintausendfünfhundert
2,717	zweitausendsiebenhundertsiebzehn
4,100	viertausendeinhundert|4100
195	einhundertfünfundneunzig
80,000	achtzigtausend
10	zehn
214	zweihundertvierzehn
62,000	zweiundsechzigtausend
25,000	fünfundzwanzigtausend
30	dreißig
104	einhundertvier
51,000	einundfünfzigtausend
87,000	siebenundachtzigtausend
2,130	zweitausendeinhundertdreißig
17	siebzehn
75	fünfundsiebzig
632	sechshundertzweiunddreißig
45	fünfundvierzig
27	siebenundzwanzig
118	einhundertachtzehn
15	fünfzehn
10000	zehntausend
500	fünfhundert
1,000,000	eine Million|eine Mio.|eine Mill.
800	achthundert
3,750,000	drei Millionen siebenhundertfünfzigtausend|drei Mio. siebenhundertfünfzigtausend|drei Mill. siebenhundertfünfzigtausend
12,500	zwölftausendfünfhundert
100,000	einhunderttausend|100.000
2,300,000	zwei Millionen dreihunderttausend|zwei Mio. dreihunderttausend|zwei Mill. drei hundert tausend
344	dreihundertvierundvierzig
356	dreihundertsechsundfünfzig
576	fünfhundertsechsundsiebzig
12,000	zwölftausend
235,000	zweihundertfünfunddreißigtausend|zweihundertfünfunddreißig Tsd.
660,253	sechshundertsechzigtausendzweihundertdreiundfünfzig|660.253
18,462	achtzehntausendvierhundertzweiundsechzig|achtzehn tausendvierhundertzweiundsechzig
60	sechzig
10,994	zehntausendneunhundertvierundneunzig
70,000,000,000,000	siebzig Billiarden|siebzig Billionen|siebzig Tausend Milliarden|siebzig Trillionen
324	dreihundertvierundzwanzig
987	neunhundertsiebenundachtzig
108	einhundertacht
4,375,000	vier Millionen dreihundertfünfundsiebzigtausend
22	zweiundzwanzig
4000	vier tausend
6000	sechstausend
180	einhundertachtzig
30000	dreißigtausend
14,786	vierzehntausendsiebenhundertsechsundachtzig
5,000	fünftausend
20,000	zwanzigtausend
2,800	zweitausendachthundert|2800
9,500	neuntausendfünfhundert
1889	eintausendachthundertneunundachtzig
5895	fünftausendachthundertfünfundneunzig
26	sechsundzwanzig
163	einhundertdreiundsechzig
364,000	dreihundertvierundsechzigtausend|364.000
130	einhundertdreißig
344,400	dreihundertvierundvierzigtausendvierhundert|dreihundertvierundvierzig Tausend vierhundert|344.400
6,600	sechstausendsechshundert
3,530	dreitausendfünfhundertdreißig
1,500,230	eine Million fünfhunderttausendzweihundertdreißig|eine Million fünfhunderttausendzweihundertdreißig|eine Mio. fünfhunderttausendzweihundertdreißig|1,5 Millionen zweihundertdreißig|1,5 Mio. zweihundertdreißig|1,5 Mill. zweihundertdreißig
8,848	achttausendachthundertachtundvierzig
297	zweihundertsiebenundneunzig
1063	eintausenddreiundsechzig
150,000	einhundertfünfzigtausend
250	zweihundertfünfzig
13,170	dreizehntausendeinhundertsiebzig
4,217	viertausendzweihundertsiebzehn
200	zweihundert
660,000	sechshundertsechzigtausend|660.000
5024	fünftausendvierundzwanzig
446	vierhundertsechsundvierzig
1078	eintausendsiebenundsiebzig|tausendsiebenundsiebzig|ein Tausendachtundsiebzig|Tausendachtundsiebzig
38	achtunddreißig
1377	eintausenddreihundertsiebenundsiebzig
173	einhundertdreiundsiebzig
103	einhundertdrei
5,000,000	fünf Millionen|fünf Mio.|fünf Mill.
157	einhundertsiebenundfünfzig
14,000,000	vierzehn Millionen|vierzehn Mio.|vierzehn Mill.
6,000	sechstausend
56	sechsundfünfzig
660	sechshundertsechzig
1500	eintausendfünfhundert
6	sechs
2400	zweitausendvierhundert
450	vierhundertfünfzig
88	achtundachtzig
21	einundzwanzig
2,790	zweitausendsiebenhundertneunzig
82	zweiundachtzig
4500	viertausendfünfhundert
2900	zweitausendneunhundert
20000	zwanzigtausend|20.000
50000	fünfzigtausend
8000000	acht Millionen|acht Mio.|acht Mill.
250000	zweihundertfünfzigtausend|250.000
206	zweihundertsechs
53	dreiundfünfzig
660,430	sechshundertsechzigtausendvierhundertdreißig
272	zweihundertzweiundsiebzig
3,106	dreitausendeinhundertsechs
640	sechshundertvierzig
70,000	siebzigtausend
29,031	neunundzwanzigtausend einunddreißig
40	vierzig
86,881	sechsundachtzigtausendachthunderteinundachtzig
328	dreihundertachtundzwanzig
8	acht
210	zweihundertzehn
45,000	fünfundvierzigtausend
565	fünfhundertfünfundsechzig
2,900	zweitausendneunhundert|2900
114	einhundertvierzehn
4,500	viertausendfünfhundert
1,776	eintausendsiebenhundertsechsundsiebzig
34	vierunddreißig
315	dreihundertfünfzehn
65000	fünfundsechzigtausend
4500000	vier Millionen fünfhunderttausend
35	fünfunddreißig
450000	vierhundertfünfzigtausend
225000	zweihundertfünfundzwanzigtausend|225.000
2,300	zweitausenddreihundert
23,000	dreiundzwanzigtausend
4,800	viertausendachthundert
1350	eintausenddreihundertfünfzig
2790	zweitausendsiebenhundertneunzig
8376	achttausenddreihundertsechsundsiebzig
3106	dreitausendeinhundertsechs
7000	siebentausend
1000	eintausend
10,000	zehntausend
485	vierhundertfünfundachtzig
3,500	dreitausendfünfhundert
333	dreihundertdreiunddreißig
47	siebenundvierzig
13,000	dreizehntausend
20,310	zwanzigtausenddreihundertzehn
256	zweihundertsechsundfünfzig
64	vierundsechzig
1991	neunzehnhunderteinundneunzig
17,500	siebzehntausendfünfhundert
1979	neunzehnhundertneunundsiebzig
99999	neunundneunzigtausendneunhundertneunundneunzig
5223	fünftausendzweihundertdreiundzwanzig
18	achtzehn
75,000	fünfundsiebzigtausend
540,000	fünfhundertvierzigtausend|540.000
183	einhundertdreiundachtzig
246	zweihundertsechsundvierzig
85	fünfundachtzig
1861	eintausendachthunderteinundsechzig
289	zweihundertneunundachtzig
2500	zweitausendfünfhundert
420	vierhundertzwanzig
1425	eintausendvierhundertfünfundzwanzig|tausendvierhundertfünfundzwanzig
305	dreihundertfünf
1948	eintausendneunhundertachtundvierzig
90000	neunzigtausend
11	elf
6,190	sechstausendeinhundertneunzig
66	sechsundsechzig
750	siebenhundertfünfzig
6000000	sechs Millionen|sechs Mio.|sechs Mill.
2000000	zwei Millionen|zwei Mio.|zwei Mill.
128	einhundertachtundzwanzig
5700	fünftausendsiebenhundert
134	einhundertvierunddreißig
30,000	dreißigtausend
1970	neunzehnhundertsiebzig
1,454	eintausendvierhundertvierundfünfzig
1,063	eintausenddreiundsechzig
150	einhundertfünfzig
93	dreiundneunzig
1665	eintausendsechshundertfünfundsechzig|tausendsechshundertfünfundsechzig
14,500	vierzehntausendfünfhundert
24,901	vierundzwanzigtausendneunhunderteins
152,000	einhundertzweiundfünfzigtausend|einhundertzweiundfünfzig Tsd.
19,341	neunzehntausenddreihunderteinundvierzig
1,429	eintausendvierhundertneunundzwanzig|tausendvierhundertneunundzwanzig
1473	eintausendvierhundertdreiundsiebzig|tausendvierhundertdreiundsiebzig
162	einhundertzweiundsechzig
5600	fünftausendsechshundert
452	vierhundertzweiundfünfzig|vierhundertzweiundfünfzig
760	siebenhundertsechzig
89,000	neunundachtzigtausend
28,500	achtundzwanzigtausendfünfhundert
3,400	dreitausendvierhundert
16	sechzehn
1,400	eintausendvierhundert
39	neununddreißig
6300	sechstausenddreihundert|6.300
55,000,000	fünfundfünfzig Millionen|fünfundfünfzig Mio.|fünfundfünfzig Mill.
7500	siebentausendfünfhundert
86	sechsundachtzig
1,450	eintausendvierhundertfünfzig
133,000	einhundertdreiunddreißigtausend|133.000|133 Tsd.
503	fünfhundertdrei
47,000	siebenundvierzigtausend
238900	zweihundertachtunddreißigtausendneunhundert
1400	eintausendvierhundert
87000	siebenundachtzigtausend|87.000
29029	neunundzwanzigtausendneunundzwanzig
147	einhundertsiebenundvierzig
33	dreiunddreißig
1100	eintausendeinhundert|elfhundert
40,000	vierzigtausend
1972	neunzehnhundertzweiundsiebzig
299,792,458	zweihundertneunundneunzig Millionen siebenhundertzweiundneunzigtausendvierhundertachtundfünfzig
10800	zehntausendachthundert|10.800
700	siebenhundert
25000	fünfundzwanzigtausend
200000	zweihunderttausend|200.000
6,400,000	sechs Millionen vierhunderttausend
90,000	neunzigtausend
21,196	einundzwanzigtausendeinhundertsechsundneunzig
6,852	sechstausendachthundertzweiundfünfzig
6792	sechstausendsiebenhundertzweiundneunzig
7,926	siebentausendneunhundertsechsundzwanzig
672	sechshundertzweiundsiebzig
2,000	zweitausend
1603	sechzehnhundertdrei|tausendsechshundertdrei
6800	sechstausendachthundert
-6	minus sechs
142	einhundertzweiundvierzig|hundertzweiundvierzig
140,000,000	einhundertvierzig Millionen|einhundertvierzig Mio.|einhundertvierzig Mill.
775	siebenhundertfünfundsiebzig
800,000	achthunderttausend|800.000
978	neunhundertachtundsiebzig
27,550	siebenundzwanzigtausendfünfhundertfünfzig
32,292	zweiunddreißigtausendzweihundertzweiundneunzig|32.292
36,070	sechsunddreißigtausendsiebzig
207	zweihundertsieben
1	eins
6190	sechstausendeinhundertneunzig
152	einhundertzweiundfünfzig
273,000	zweihundertdreiundsiebzigtausend|273.000
1700	eintausendsiebenhundert
23	dreiundzwanzig
40,075	vierzigtausendsiebenundsiebzig
1980	neunzehnhundertachtzig
1600	sechzehnhundert
3776	dreitausendsiebenhundertsechsundsiebzig
1261	eintausendzweihunderteinundsechzig
18700	achtzehntausendsiebenhundert
2002	zweitausendzwei
12,577	zwölftausendfünfhundertsiebenundsiebzig
2,600	zweitausendsechshundert
695	sechshundertfünfundneunzig
1994	neunzehnhundertvierundneunzig
389	dreihundertneunundachtzig
1756	eintausendsiebenhundertsechsundfünfzig
50241	fünfzigtausendzweihunderteinundvierzig
2073	zweitausendsiebenundsiebzig
95	fünfundneunzig
347	dreihundertsiebenundvierzig
550	fünfhundertfünfzig
107	einhundertsieben
43	dreiundvierzig
52	zweiundfünfzig
1250	eintausendzweihundertfünfzig
58	achtundfünfzig
501	fünfhunderteins
1895	eintausendachthundertfünfundneunzig
190	einhundertneunzig
275	zweihundertfünfundsiebzig
60,000	sechzigtausend
1499	eintausendvierhundertneunundneunzig|tausendvierhundertneunundneunzig
2022	zweitausendzwanzig|zweitausendzweiundzwanzig
502	fünfhundertzwei
125,000	einhundertfünfundzwanzigtausend|125.000|einhundertfünfundzwanzig Tsd.
999	neunhundertneunundneunzig
245	zweihundertfünfundvierzig
344,000	dreihundertvierundvierzigtausend|344.000
1928	eintausendneunhundertachtundzwanzig
227	zweihundertsiebenundzwanzig
17,000	siebzehntausend
230	zweihundertdreißig
81	einundachtzig
877	achthundertsiebenundsiebzig
3,776	dreitausendsiebenhundertsechsundsiebzig
462	vierhundertzweiundsechzig
209	zweihundertneun
84	vierundachtzig
19	neunzehn
370000	dreihundertsiebzigtausend|370.000
367	dreihundertsiebenundsechzig
1,245,000	eine Million zweihundertfünfundvierzigtausend|eine Million zweihundertfünfundvierzig Tausend|eine Mio. zweihundertfünfundvierzigtausend|eine Mio. zweihundertfünfundvierzig Tsd.|eine Mio. zweihundertfünfundvierzig Tausend|eine Million zweihundertfünfundvierzigtausend
238,855	zweihundertachtunddreißigtausendachthundertfünfundfünfzig
678	sechshundertachtundsiebzig
10,925	zehntausendneunhundertfünfundzwanzig
4,135	viertausendeinhundertfünfunddreißig
105	einhundertfünf
29	neunundzwanzig
1975	neunzehnhundertfünfundsiebzig
92	zweiundneunzig
1987	neunzehnhundertsiebenundachtzig
1452	eintausendvierhundertzweiundfünfzig|tausendvierhundertzweiundfünfzig
110	einhundertzehn
