3.7	drei komma sieben|dreieinhalb
2.4	zwei komma vier|zweieinhalb (rounded up)
1,234.56	eintausendzweihundertvierunddreißig komma sechsundfünfzig
500.75	fünfhundert komma fünfundsiebzig|fünfhundertundsiebzig Komma fünf
7.8	sieben komma acht|sieben Kommateiler acht|sieben Kommaacht
6,789,432.10	sechs Millionen siebenhundertneunundachtzigtausendvierhundertzweiunddreißig komma zehn
2.3	"zwei komma drei|zweieinhalb (Note: ""zweieinhalb"" is not a valid written form for 2.3, but it is a common spoken form.)"
65,987.55	fünfundsechzigtausendneunhundertsiebenundachtzig komma fünfundfünfzig
156.30	einhundertsechsundfünfzig komma drei null
3.5	drei komma fünf|dreieinhalb
344.23	dreihundertvierundvierzig komma dreiundzwanzig
2.43	zwei komma dreiundvierzig
7.56	sieben komma sechs sechs|sieben komma sechsundfünfzig
2,623.12	zweitausendsechshundertdreiundzwanzig komma zwölf|zweitausendsechshundertdreiundzwanzig komma zwölfzehn
678,432.14	sechshundertachtundsiebzigtausendvierhundertzweiunddreißig komma vierzehn
15.99	fünfzehn komma neun neun|fünfzehn Euro neunundneunzig Cent
22.67	zweiundzwanzig komma sechs sieben|zweiundzwanzig komma sechsundsiebzig|zweiundzwanzig komma siebenundsechzig
8.98	acht komma neun acht|acht komma neunundneunzig
85.50	fünfundachtzig komma fünf null|fünfundachtzig komma fünfzig
9,345,621.78	neun Millionen dreihundertfünfundvierzigtausendsechshunderteinundzwanzig komma achtundsiebzig
9.99	neun komma neun neun|neunundneunzig Hundertstel
2,335,987.44	zwei Millionen dreihundertfünfunddreißigtausendneunhundertsiebenundachtzig komma vier vier
22,499.99	zweiundzwanzigtausendvierhundertneunundneunzig komma neunundneunzig
2,34.56	NA (This number is not written in a valid format. In German, the comma is used as a decimal separator and the dot is used to separate thousands.)
19.99	neunzehn komma neun neun|neunzehn Euro neunundneunzig Cent
1,000.12	eintausend komma zwölf
32.45	zweiunddreißig komma fünfundvierzig
5.67	fünf komma sechs sieben|fünf komma sechsundsiebzig|fünf Komma sechsundsiebzigstel
14.23	vierzehn komma dreiundzwanzig
1,200,345.76	eine Million zweihunderttausenddreihundertfünfundvierzig komma sechsundsiebzig|eine Million zweihunderttausenddreihundertfünfundvierzig Komma sieben sechs
745.89	siebenhundertfünfundvierzig komma acht neun
25.37	fünfundzwanzig komma siebenunddreißig
2,793.42	zweitausendsiebenhundertdreiundneunzig komma zweiundvierzig
6,788.12	sechstausendsiebenhundertachtundachtzig komma zwölf
5.26	fünf komma zwei sechs|fünf komma sechsundzwanzig
999.99	neunhundertneunundneunzig komma neun neun|neunhundertneunundneunzig komma neunundneunzig
456.32	vierhundertsechsundfünfzig komma zweiunddreißig
4.29	vier komma neunundzwanzig
1.25	eins komma fünfundzwanzig|eineinviertel
225.4	zweihundertfünfundzwanzig komma vier|zweihundertfünfundzwanzig komma vierzig
7,569,301.59	sieben Millionen fünfhundertneunundsechzigtausenddreihunderteins komma neunundfünfzig
50.8	fünfzig komma acht
200.56	zweihundert komma sechsundfünfzig|zweihundertsechzig komma sechs
12,000.25	zwölftausend komma fünfundzwanzig|zwölftausend komma zwei fünf
7.2	sieben komma zwei|siebeneinhalb (rounded up)
2,318,029.87	zwei Millionen dreihundertachtzehntausendneunundzwanzig komma acht sieben
600,000	sechshunderttausend
2.5	zwei komma fünf|zweieinhalb
532,111.67	fünfhundertzweiunddreißigtausendeinhundertelf komma sechs sieben
20.7	zwanzig komma sieben|zwanzig und sieben Zehntel
0.89	null komma acht neun
9.3	neun komma drei|neun Komma Drei
4.6	vier komma sechs|vier Komma sechzig
12.8	zwölf komma acht|zwölf Komma achtzehn
29,031.69	neunundzwanzigtausend einunddreißig komma neunundsechzig
280.55	zweihundertachtzig komma fünf fünf|zweihundertachtzig komma fünfundfünfzig
534.23	fünfhundertvierunddreißig komma dreiundzwanzig
6.7	sechs komma sieben
1,500,000.50	eine Million fünfhunderttausend komma fünfzig
8,999.99	achttausendneunhundertneunundneunzig komma neun neun|achttausendneunhundertneunundneunzig komma neunundneunzig
0.75	null komma sieben fünf|dreiviertel
3,600.25	dreitausendsechshundert komma fünfundzwanzig|dreitausendsechshundert komma fünfundzwanzig|drei Komma sechstausendfünfhundertfünfundzwanzig|drei Komma sechstausendfünfhundertfünfundzwanzig
24.9	vierundzwanzig komma neun
4.35	vier komma drei fünf|vier komma fünfunddreißig
45.67	fünfundvierzig komma sechs sieben|fünfundvierzig komma sechsundsiebzig
1,500.5	eintausendfünfhundert komma fünf|eintausendfünfhundertfünfzig komma fünf
850.64	achthundertfünfzig komma vierundsechzig
3.45	drei komma vier fünf|drei komma fünfundvierzig
320.75	dreihundertzwanzig komma fünfundsiebzig
56.8	sechsundfünfzig komma acht
2.25	zwei komma zwei fünf|zweiundzwanzig Fünftel
4,200.50	vier tausend zweihundert komma fünfzig
344.87	dreihundertvierundvierzig komma acht sieben
3.14	drei komma eins vier|drei komma vierzehn
29.99	neunundzwanzig komma neunundneunzig
13.37	dreizehn komma drei sieben
4,567.89	vier­tausend­fünf­hundert­sieben­und­sechzig komma neun­und­achtzig
8,500.50	achttausendfünfhundert komma fünf null|achttausendfünfhundertfünfzig komma fünfzig
350.25	dreihundertfünfzig komma fünfundzwanzig|dreihundertfünfzig komma zwei fünf
5.87	fünf komma acht sieben
1,214.32	eintausendzweihundertvierzehn komma zweiunddreißig
12.17	zwölf komma siebzehn
2,342.56	zweitausenddreihundertzweiundvierzig komma sechs fünf|zweitausenddreihundertzweiundvierzig komma sechsundfünfzig
0.76	null komma sieben sechs|siebenundsechzig Hundertstel
532.91	fünfhundertzweiunddreißig komma neun eins|fünfhundertzweiunddreißig komma einundneunzig
143.69	einhundertdreiundvierzig komma neunundsechzig
521,000.99	fünfhunderteinundzwanzigtausend neunhundertneunundneunzig komma neun neun
8.23	acht komma dreiundzwanzig
3,106.75	dreitausendeinhundertsechs komma fünfundsiebzig
30.12	dreißig komma zwölf|dreißig und zwölf Hundertstel
344.05	dreihundertvierundvierzig komma null fünf|dreihundertvierundvierzig komma null fünfzehn
29,029.24	neunundzwanzigtausendneunundzwanzig komma vierundzwanzig|neunundzwanzigtausendneunundzwanzig komma null zwei vier
6.8	sechs komma acht|sechskommaacht|sechs Komma acht|sechskommaacht
550.50	fünfhundertfünfzig komma fünf null|fünfhundertfünfzig komma fünfzig
3,218.75	dreitausendzweihundertachtzehn komma fünfundsiebzig
0.25	Null komma zwei fünf|ein Viertel
2,791.04	zweitausendsiebenhunderteinundneunzig komma null vier
27.5	siebenundzwanzig komma fünf|siebenundzwanzig einhalb
90.87	neunzig komma acht sieben
35.60	fünfunddreißig komma sechzig
6.03	sechs komma null drei|sechs Komma drei
42.38	zweiundvierzig komma acht drei|zweiundvierzig komma achtunddreißig
104	einhundertvier
10	zehn
55.5	fünfundfünfzig komma fünf|fünfundfünfzig einhalb
8.7	acht komma sieben|achtundzwanzig Zehntel (Note: The second option is not commonly used in everyday language, but it is a valid way to express decimal numbers in German.)
90	neunzig
57,899.99	siebenundfünfzigtausendachthundertneunundneunzig komma neunundneunzig
238,855.05	zweihundertachtunddreißigtausendachthundertfünfundfünfzig komma null fünf|zweihundertachtunddreißigtausendachthundertfünfundfünfzig komma fünf fünf
2,500.75	zweitausendfünfhundert komma fünfundsiebzig|zweieinhalbtausend komma fünfundsiebzig
12.76	zwölf komma sieben sechs|zwölf komma sechsundsiebzig
265,000.50	zweihundertfünfundsechzigtausendfünfzig komma fünf null
38.9	achtunddreißig komma neun|achtunddreißig Komma neunzig
512.34	fünfhundertzwölf komma vierunddreißig
1,234,567.89	eine Million zweihundertvierunddreißigtausendfünfhundertsiebenundsechzig komma neunundachtzig
3.2	"drei komma zwei|dreieinhalb (Note: ""dreieinhalb"" is a colloquial way of saying ""three and a half"", but it is commonly used in German to refer to decimal numbers like 3.5 or 3.6)"
26.2	sechsundzwanzig komma zwei|sechsundzwanzig komma zwanzig
10.5	zehn komma fünf|zehneinhalb
500,000.75	fünfhunderttausend komma sieben fünf
150.6	einhundertfünfzig komma sechs|einhundertfünfzig komma sechzig
13,456.78	dreizehntausendvierhundertsechsundfünfzig komma sieben acht
8.95	acht komma neun fünf|acht Komma neunundneunzig
5.9	fünf komma neun
7.99	sieben komma neun neun|sieben Komma neunundneunzig
16.78	sechzehn komma sieben acht|sechzehn komma achtundsiebzig
50.37	fünfzig komma drei sieben
1.85	eins komma fünfundachtzig|eins und achtzig Hundertstel
55.55	fünfundfünfzig komma fünf fünf|fünfundfünfzig komma fünfundfünfzig
1,416.76	eintausendvierhundertsechzehn komma sechsundsiebzig
250.75	zweihundertfünfzig komma fünfundsiebzig
26.79	sechsundzwanzig komma neunundsiebzig
84.50	vierundachtzig komma fünf null
2.54	zwei komma vierundfünfzig
125.45	einhundertfünfundzwanzig komma fünfundvierzig
5,000.57	fünftausend komma siebenundfünfzig
180.65	einhundertachtzig komma fünfundsechzig
16.99	sechzehn komma neun neun|sechzehn Euro neunundneunzig Cent
12.3	zwölf komma drei|zwölf und drei Zehntel
164.8	einhundertvierundsechzig komma acht|einhundertvierundsechzig komma achtzig
98.6	neunundneunzig komma sechs
7.35	sieben komma drei fünf|sieben komma fünfunddreißig
29,029	neunundzwanzigtausendneunundzwanzig
85,000.50	fünfundachtzigtausend komma fünf null|fünfundachtzigtausend komma fünfzig
5,000.50	fünftausend komma fünf null|fünftausend komma fünfzig
28.76	achtundzwanzig komma sechsundsiebzig
350.99	dreihundertfünfzig komma neun neun|dreihundertfünfzig Komma neunundneunzig
42.17	zweiundvierzig komma einsieben
2,789.45	zweitausendsiebenhundertneunundachtzig komma fünfundvierzig
67.89	siebenundsechzig komma neun acht|siebenundsechzig komma neunundachtzig
12.34	zwölf komma vierunddreißig
18.75	achtzehn komma sieben fünf
32,553.89	zweiunddreißigtausendfünfhundertdreiundfünfzig komma neunundachtzig
899.99	achthundertneunundneunzig komma neun neun|achthundertneunundneunzig komma neunundneunzig
3.50	drei komma fünfzig|drei Euro fünfzig Cent
55.53	fünfundfünfzig komma dreiundfünfzig|fünfundfünfzig komma fünf drei
1422.14	eintausendvierhundertzweiundzwanzig komma vierzehn
8,848.86	achttausendachthundertachtundvierzig komma sechs sechs
33.50	dreiunddreißig komma fünf null|dreiunddreißig komma fünfzig
586.41	fünfhundertsechsundachtzig komma einundvierzig
4.93	vier komma neun drei|vier komma dreiundneunzig
13,170.69	dreizehntausendeinhundertsiebzig komma neunundsechzig
76	sechsundsiebzig
2.75	zwei komma sieben fünf|zwei komma fünfundsiebzig|zweiundsiebzighalb
206.5	zweihundertsechs komma fünf|zweihundertsechseinhalb
3,415,322.80	drei Millionen vierhundertfünfzehntausenddreihundertzweiundzwanzig komma achtzig
1.5	eins komma fünf|eineinhalb
10,000.75	zehntausend komma sieben fünf|zehntausend komma fünfundsiebzig
9.27	neun komma zwei sieben
65.50	fünfundsechzig komma fünf null|fünfundsechzig komma fünfzig
2000.15	zweitausend komma fünfzehn|zweitausendundfünfzehn hundertstel
250.65	zweihundertfünfzig komma fünfundsechzig
2.45	zwei komma vier fünf|zwei komma fünfundvierzig
180.50	einhundertachtzig komma fünf null|einhundertachtzig komma fünfzig
400.75	vierhundert komma fünfundsiebzig
3.67	drei komma sechs sieben|drei komma siebenundsechzig
4.55	vier komma fünf fünf|vier komma fünfundfünfzig
36,070.79	sechsunddreißigtausendsiebzig komma neunundsiebzig
12,500.85	zwölftausendfünfhundert komma fünfundachtzig|zwölftausendfünfhundertachtzig fünf
4,568.32	viertausendfünfhundertachtundsechzig komma zweiunddreißig
78,543.99	achtundsiebzigtausendfünfhundertdreiundvierzig komma neun neun|achtundsiebzigtausendfünfhundertdreiundvierzig komma neunundneunzig
12.75	zwölf komma sieben fünf|zwölf komma fünfundsiebzig
0.68	null komma sechs acht
456,987.23	vierhundertsechsundfünfzigtausendneunhundertsiebenundachtzig komma dreiundzwanzig
57.88	siebenundfünfzig komma acht acht|siebenundfünfzig komma achtundachtzig
16.8	sechzehn komma acht|sechzehneinhalb
789.45	siebenhundertneunundachtzig komma fünfundvierzig
30.7	dreißig komma sieben|dreißig und sieben Zehntel
27.9	siebenundzwanzig komma neun|siebenundzwanzig komma neunzig
52.3	zweiundfünfzig komma drei|zweiundfünfzig komma dreißig
12.6	zwölf komma sechs|zwölf Komma sechs
245.60	zweihundertfünfundvierzig komma sechzig|zweihundertfünfundvierzig komma sechzig null
4.7	vier komma sieben|vier Komma sieben
156.87	einhundertsechsundfünfzig komma acht sieben
7.5	sieben komma fünf|siebeneinhalb
8,900.75	achttausendneunhundert Komma sieben fünf
345,678.99	dreihundertfünfundvierzigtausendsechshundertachtundsiebzig komma neunundneunzig
2,793.21	zweitausendsiebenhundertdreiundneunzig komma einundzwanzig|zweitausendsiebenhundertdreiundneunzig komma zwei eins
24.97	vierundzwanzig komma neun sieben|vierundzwanzig komma siebenundneunzig
60.36	sechzig komma sechsunddreißig
14.99	vierzehn komma neun neun
1,250.87	eintausendzweihundertfünfzig komma siebenundachtzig
12,742.18	zwölftausendsiebenhundertzweiundvierzig komma achtzehn
50.25	fünfzig komma zwei fünf|fünfzig komma fünfundzwanzig
372.6	dreihundertzweiundsiebzig komma sechs|dreihundertzweiundsiebzig komma sechs Zehntel
7.89	sieben komma acht neun|sieben komma neunundachtzig
500	fünfhundert
35.90	fünfunddreißig komma neunzig
22.68	zweiundzwanzig komma sechs acht|zweiundzwanzig komma achtundsechzig
3,945.79	dreitausendneunhundertfünfundvierzig komma neunundsiebzig
10,971	zehntausendneunhunderteinundsiebzig
8.75	acht komma sieben fünf|acht komma fünfundsiebzig|acht und siebzig Hundertstel
49.99	neunundvierzig komma neun neun
200.34	zweihundert komma vierunddreißig|zweihundert komma vierunddreiviertel
1.1286	eins komma eins zwei acht sechs
250.89	zweihundertfünfzig komma neun acht|zweihundertfünfzig komma neunundachtzig
4,500.63	viertausendfünfhundert komma dreiundsechzig|viertausendfünfhundertsechzig komma drei
42.195	zweiundvierzig komma einhundertfünfundneunzig
27.8	siebenundzwanzig komma acht|siebenundzwanzig komma achtzig
50.75	fünfzig komma sieben fünf|fünfzig komma fünfundsiebzig
4.25	vier komma fünfundzwanzig|vier und ein Viertel
946.35	neunhundertsechsundvierzig komma fünfunddreißig
1,000.23	eintausend komma dreiundzwanzig|eintausend zweihundertdreiundzwanzig hundertstel
500.85	fünfhundert komma fünfundachtzig
0.5	null komma fünf|halb
300	dreihundert
9.8	neun komma acht
0.3	null komma drei
80	achtzig
8.4	acht komma vier|acht Komma vier
0.7	null komma sieben
6,789.50	sechstausendsiebenhundertneunundachtzig komma fünf null
9.2	neun komma zwei|neun Kommateil zwei
2,785.8	zweitausendsiebenhundertfünfundachtzig komma acht
83.4	dreiundachtzig komma vier
120.3	einhundertzwanzig komma drei|einhundertzwanzig komma dreißig
500.3	fünfhundert komma drei
5.2	fünf komma zwei|fünf Kommateil zwei
100.5	einhundert komma fünf|einhunderteinhalb
72.3	zweiundsiebzig komma drei
75.5	fünfundsiebzig komma fünf
3,456.7	dreitausendvierhundertsechsundfünfzig komma sieben
4.5	vier komma fünf|vierundeinhalb
15.2	fünfzehn komma zwei|fünfzehn punkt zwei
0.05	null komma null fünf|fünf Hundertstel
33.5	dreiunddreißig komma fünf|dreiunddreißig komma fünfzig|dreiunddreißig einhalb
56.7	sechsundfünfzig komma sieben
1.2	eins komma zwei|eine Komma zwei (if used in a context where the number is treated as a feminine noun)
150	einhundertfünfzig
836,330	achthundertsechsunddreißigtausenddreihundertdreißig
5.6	fünf komma sechs|fünfeinhalb
2,624.6	zweitausendsechshundertvierundzwanzig komma sechs
4.8	vier komma acht|vier Komma achtzehn
25,620.75	fünfundzwanzigtausendsechshundertzwanzig komma fünfundsiebzig
2.6	"zwei komma sechs|zweieinhalb (Note: ""zweieinhalb"" is also a valid translation for 2.5, but not for 2.6)"
825.3	achthundertfünfundzwanzig komma drei
0.9	null komma neun
100.4	einhundert komma vier
2,789.3	zweitausendsiebenhundertneunundachtzig komma drei
1,985.62	eintausendneunhundertfünfundachtzig komma zweiundsechzig
17.83	siebzehn komma acht drei|siebzehn komma dreiundachtzig
50,000.25	fünfzigtausend komma fünfundzwanzig
25.6	fünfundzwanzig komma sechs|fünfundzwanzig komma sechzig
9.87	neun komma acht sieben|neun Komma achtundsiebzig
145.67	einhundertfünfundvierzig komma sechs sieben|einhundertfünfundvierzig komma siebenundsechzig
457.89	vierhundertsiebenundfünfzig komma neun acht
23.45	dreiundzwanzig komma fünfundvierzig
32.10	zweiunddreißig komma zehn|zweiunddreißig komma eins
150.5	einhundertfünfzig komma fünf|einhundertfünfzig komma fünfzig
2300.75	zweitausenddreihundert komma fünfundsiebzig
28.4	achtundzwanzig komma vier
23.7	dreiundzwanzig komma sieben
43.9	dreiundvierzig komma neun
2571.3	zweitausendfünfhunderteinundsiebzig komma drei
499.99	vierhundertneunundneunzig komma neun neun|vierhundertneunundneunzig komma neunundneunzig
89.50	neunundachtzig komma fünf null|neunundachtzig komma fünfzig
185.25	einhundertfünfundachtzig komma zwei fünf|einhundertfünfundachtzig komma fünfundzwanzig
180.67	einhundertachtzig komma sechs sieben|einhundertachtzig komma siebenundsechzig
1,250,000.75	eine Million zweihundertfünfzigtausend komma fünfundsiebzig
235.67	zweihundertfünfunddreißig komma sechs sieben
15.76	fünfzehn komma sieben sechs|fünfzehn komma sechsundsiebzig
102.34	einhundertzwei komma vier drei|einhundertzwei komma vierunddreißig
13.55	dreizehn komma fünf fünf|dreizehn komma fünfundfünfzig
2,780.34	zweitausendsiebenhundertachtzig komma vierunddreißig
47,000.29	siebenundvierzigtausend komma neunundzwanzig
1.98	eins komma neun acht|eins komma neunundneunzig|zwei
2,350.75	zweitausenddreihundertfünfzig komma fünfundsiebzig
8848.86	achttausendachthundertachtundvierzig komma sechs sechs
3.78541	drei komma sieben acht fünf vier eins|drei komma sieben acht fünf vier ein
871.56	achthunderteinundsiebzig komma sechsundfünfzig|achthunderteinundsiebzig komma fünfundfünfzig
299,792,458	zweihundertneunundneunzig Millionen siebenhundertzweiundneunzigtausendvierhundertachtundfünfzig
89.99	neunundachtzig komma neun neun|neunundachtzig Euro neunundneunzig Cent
12.50	zwölf komma fünfzig|zwölf Euro fünfzig Cent
20.5	zwanzig komma fünf|zwanzig einhalb
57.23	siebenundfünfzig komma dreiundzwanzig|siebenundfünfzig komma zwei drei
3.79	drei komma sieben neun|drei komma neunundsiebzig
11.6	elf komma sechs
15.89	fünfzehn komma acht neun|fünfzehn komma neunundachtzig
500.99	fünfhundert komma neunundneunzig|fünfhundert Komma neunundneunzig
2,345.67	zweitausenddreihundertfünfundvierzig komma sechs sieben|zweitausenddreihundertfünfundvierzig komma siebenundsechzig|zweitausenddreihundertfünfundvierzig komma sechsundsiebzig|zweitausenddreihundertfünfundvierzig komma sechs komma sieben|zweitausenddreihundertf
1,249.99	eintausendzweihundertneunundvierzig komma neun neun|eintausendzweihundertneunundvierzig komma neunundneunzig
10,000.56	zehntausend komma sechsundfünfzig
200.17	zweihundert komma siebzehn
29,029.35	neunundzwanzigtausendneunundzwanzig komma fünfunddreißig
28.46	achtundzwanzig komma sechsundvierzig
4,401.20	viertausendvierhunderteins komma zwanzig
25.99	fünfundzwanzig komma neunundneunzig
27.56	siebenundzwanzig komma sechsundfünfzig|siebenundzwanzig komma fünfundfünfzig
2.50	zwei komma fünf null|zweieinhalb
150,000.87	einhundertfünfzigtausend komma acht sieben
3,926.30	dreitausendneunhundertsechsundzwanzig komma dreißig
45.80	fünfundvierzig komma acht null|fünfundvierzig komma acht
1,255,122.65	eine Million zweihundertfünfundfünfzigtausendeinhundertzweiundzwanzig komma fünfundsechzig
72,489.36	zweiundsiebzigtausendvierhundertneunundachtzig komma sechsunddreißig
38.99	achtunddreißig komma neun neun|achtunddreißig komma neunundneunzig
15.09	fünfzehn komma null neun
660,430.08	sechshundertsechzigtausendvierhundertdreißig komma null acht
23.78	dreiundzwanzig komma sieben acht|dreiundzwanzig komma achtundsiebzig
344,400	dreihundertvierundvierzigtausendvierhundert
0.64	null komma sechs vier|sechsundsechzig Hundertstel
1,500.75	eintausendfünfhundert komma fünfundsiebzig
118.29	einhundertachtzehn komma neunundzwanzig
1.42	eins komma vier zwei
15.27	fünfzehn komma siebenundzwanzig
1,042.34	eintausendzweiundvierzig komma vierunddreißig
100.8	einhundert komma acht|einhundertachtzig Hundertstel
7.3	sieben komma drei|siebeneinhalb
1,764.89	eintausendsiebenhundertvierundsechzig komma neun acht
23.8	dreiundzwanzig komma acht|dreiundzwanzig Komma achtzig
45.87	fünfundvierzig komma acht sieben|fünfundvierzig komma siebenundachtzig
128.76	einhundertachtundzwanzig komma sechsundsiebzig
523.91	fünfhundertdreiundzwanzig komma neun eins|fünfhundertdreiundzwanzig komma einundneunzig
5,678.90	fünftausendsechshundertachtundsiebzig komma neunzig
23.56	dreiundzwanzig komma sechs fünf|dreiundzwanzig komma sechsundfünfzig
356.89	dreihundertsechsundfünfzig komma neun acht|dreihundertsechsundfünfzig komma neunundachtzig
3,452.67	dreitausendvierhundertzweiundfünfzig komma sechs sieben
30,000.15	dreißigtausend komma fünfzehn
9,876.54	neuntausendachthundertsechsundsiebzig komma vierundfünfzig|neuntausendachthundertsechsundsiebzig komma fünfundfünfzig
3.27	drei komma siebenundzwanzig
2,300	zweitausenddreihundert
828	achthundertachtundzwanzig
22.5	zweiundzwanzig komma fünf|zweiundzwanzig einhalb
567.89	fünfhundertsiebenundsechzig komma neun acht
15.75	fünfzehn komma sieben fünf|fünfzehn komma sieben fünfzigstel
10,000.50	zehntausend komma fünf null
108.9	einhundertacht komma neun|einhundertachtundneunzig Zehntel
87.56	siebenundachtzig komma sechs fünf|siebenundachtzig komma sechsundfünfzig
1.45	eins komma vier fünf|eins komma fünfundvierzig
148.48	einhundertachtundvierzig komma achtundvierzig
38.22	achtunddreißig komma zwei zwei|achtunddreißig komma zweiundzwanzig
12.99	zwölf komma neunundneunzig
32.8	zweiunddreißig komma acht|zweiunddreißig Komma acht
2500.75	zweitausendfünfhundert komma sieben fünf|zweieinhalbtausend komma fünfundsiebzig
6,720,939.42	sechs Millionen siebenhundertzwanzigtausendneunhundertneununddreißig komma zweiundvierzig
345.98	dreihundertfünfundvierzig komma neun acht|dreihundertfünfundvierzig komma achtundneunzig
14.35	vierzehn komma fünfunddreißig|vierzehn komma drei fünf
11.99	elf komma neun neun
3,000.75	dreitausend komma sieben fünf
3.97	drei komma neun sieben
80.39	achtzig komma neununddreißig
42.97	zweiundvierzig komma neun sieben|zweiundvierzig komma siebenundneunzig
14.36	vierzehn komma sechs drei|vierzehn komma sechsunddreißig
185.47	einhundertfünfundachtzig komma sieben vier|einhundertfünfundachtzig komma siebenundvierzig
15.6	fünfzehn komma sechs|fünfzehneinhalb
3.99	drei komma neun neun|dreineunzig
7,500.25	siebentausendfünfhundert komma fünfundzwanzig|siebentausendfünfhundert komma fünfundzwanzig|siebentausendfünfhundertzwanzig komma fünf und zwanzig Hundertstel|siebentausendfünfhundertzwanzig komma fünfundzwanzig
1.37	eins komma drei sieben|einskommasiebenunddreißig|einsdreißigsieben
3.75	drei komma sieben fünf|drei und siebzig fünf hundertstel
8.34	acht komma drei vier|acht komma vierunddreißig
12,080.59	zwölftausendachtzig komma neunundfünfzig
39.1	neununddreißig komma eins
1911.25	eintausendneunhundertelf komma fünfundzwanzig
21,500.30	einundzwanzigtausendfünfhundert komma dreißig|einundzwanzigtausendfünfhundert komma drei null
25,000.75	fünfundzwanzigtausend komma sieben fünf
3,550.89	dreitausendfünfhundertfünfzig komma neun acht
28.6	achtundzwanzig komma sechs
9,750.80	neuntausendsiebenhundertfünfzig komma acht null
1,745.63	eintausendsiebenhundertfünfundvierzig komma dreiundsechzig
13.98	dreizehn komma neun acht|dreizehn komma neunundneunzig
58.79	achtundfünfzig komma sieben neun|achtundfünfzig komma neunundsiebzig
47.89	siebenundvierzig komma neun acht|siebenundvierzig komma neunundachtzig
36.75	sechsunddreißig komma sieben fünf|sechsunddreißig komma fünfundsiebzig
1.69	eins komma sechs neun|eins komma neunundsechzig|eins Komma sechsundsechzig|eins Komma neunundsechzig
829.8	achthundertneunundzwanzig komma acht
40,075.16	vierzigtausendsiebenundsiebzig komma sechzehn|vierzigtausendsiebenundsiebzig komma sechzehn
343.2	dreihundertdreiundvierzig komma zwei|dreihundertdreiundvierzig komma zwanzig
3.78	drei komma sieben acht
10,994	zehntausendneunhundertvierundneunzig
3,450.50	dreitausendvierhundertfünfzig komma fünf null
6.5	sechs komma fünf|sechseinhalb
20,000.75	zwanzigtausend komma sieben fünf
10,230.90	zehntausendzweihundertdreißig komma neunzig|zehntausendzweihundertdreißig komma neun|zehntausendzweihundertdreißig und neunzig Hundertstel|zehntausendzweihundertdreißig und neun Hundertstel
500,000.23	fünfhunderttausend komma dreiundzwanzig
1,520.36	eintausendfünfhundertzwanzig komma sechsunddreißig|eintausendfünfhundertzwanzig komma sechs drei sechs
9,875.85	neuntausendachthundertfünfundsiebzig komma fünfundachtzig
35,500.79	fünfunddreißigtausendfünfhundert komma neunundsiebzig
0.8	null komma acht|acht Zehntel
350.29	dreihundertfünfzig komma neunundzwanzig
22,841.899	zweiundzwanzigtausendachthunderteinundvierzig komma achthundertneunundneunzig
389.46	dreihundertneunundachtzig komma sechs vier|dreihundertneunundachtzig komma sechsundvierzig
1,190.49	eintausendeinhundertneunzig komma neunundvierzig
6.37	sechs komma drei sieben
1,753.89	eintausendsiebenhundertdreiundfünfzig komma neunzig|eintausendsiebenhundertdreiundfünfzig komma achtundachtzigneunzig
324.8	dreihundertvierundzwanzig komma acht|dreihundertvierundzwanzig komma achtzig
209.2	zweihundertneun komma zwei|zweihundertneun Komma zwanzig
92	zweiundneunzig
167.8	einhundertsiebenundsechzig komma acht|einhundertsiebenundsechzig komma achtzig
5,505.6	fünftausendfünfhundertfünf komma sechs
1,230.05	eintausendzweihundertdreißig komma null fünf|eintausendzweihundertdreißig komma fünf
9,456.78	neuntausendvierhundertsechsundfünfzig komma sieben acht
120.7	einhundertzwanzig komma sieben
23,456.71	dreiundzwanzigtausendvierhundertsechsundfünfzig komma einundsiebzig
10.75	zehn komma sieben fünf|zehn und drei viertel
6.4	sechs komma vier|sechskomma vier|sechs Komma vier|sechskommafünfzig
50,000.75	fünfzigtausend komma sieben fünf
1,250.99	eintausendzweihundertfünfzig komma neunundneunzig
651.23	sechshunderteinundfünfzig komma dreiundzwanzig|sechshunderteinundfünfzig komma zwei drei
764.32	siebenhundertvierundsechzig komma zweiunddreißig
189.99	einhundertneunundachtzig komma neun neun|einhundertneunundachtzig komma neunundneunzig
9.63	neun komma sechs drei|neun Komma dreiundsechzig
15.57	fünfzehn komma fünf sieben|fünfzehn komma siebenundfünfzig
3,456.78	dreitausendvierhundertsechsundfünfzig komma sieben acht|dreitausendvierhundertsechsundfünfzig komma achtundsiebzig
7.52	sieben komma fünf zwei|sieben Komma fünfzig zwei Hundertstel
15.1	fünfzehn komma eins
190.5	einhundertneunzig komma fünf|einhundertneunzig komma fünfzehn|einhundertneunzig und fünf Zehntel
4.37	vier komma drei sieben
6,000.75	sechstausend komma sieben fünf
150.75	einhundertfünfzig komma sieben fünf|einhundertfünfzig komma fünfundsiebzig
325.5	dreihundertfünfundzwanzig komma fünf|dreihundertfünfundzwanzig komma fünfzig
180.5	einhundertachtzig komma fünf|einhundertachtzig komma fünfzig
20.3	zwanzig komma drei|zwanzig Komma dreißig
1,275.50	eintausendzweihundertfünfundsiebzig komma fünf null
81.6	einundachtzig komma sechs|einundachtzig Komma sechs
1000.75	eintausend komma sieben fünf|eintausend komma fünfundsiebzig
98.4	achtundneunzig komma vier
6.99	sechs komma neun neun|sechs Euro neunundneunzig Cent
500,000.56	fünfhunderttausend komma sechsundfünfzig
167.89	einhundertsiebenundsechzig komma neun acht|einhundertsiebenundsechzig komma neunzig acht
3.25	drei komma fünfundzwanzig|dreieinviertel
1,200.50	eintausendzweihundert komma fünf null|eintausendzweihundert komma fünfzig
12.87	zwölf komma acht sieben|zwölf komma siebenundachtzig
4.75	vier komma sieben fünf|vier komma fünfundsiebzig
85.6	fünfundachtzig komma sechs
1.8	eins komma acht|eins und acht Zehntel
3,970	dreitausendneunhundertsiebzig
24.5	vierundzwanzig komma fünf|vierundzwanzig einhalb
320.50	dreihundertzwanzig komma fünf null|dreihundertzwanzig komma fünfzig
1,000	eintausend
1,325,678.3	eine Million dreihundertfünfundzwanzigtausendsechshundertachtundsiebzig komma drei
9,145.75	neuntausendeinhundertfünfundvierzig komma sieben fünf|neuntausendeinhundertfünfundvierzig komma fünfundsiebzig
7,326.49	siebentausenddreihundertsechsundzwanzig komma neunundvierzig
54,937.82	vierundfünfzigtausendneunhundertsiebenunddreißig komma zweiundachtzig
12,587.92	zwölftausendfünfhundertsiebenundachtzig komma zweiundneunzig
321.99	dreihunderteinundzwanzig komma neun neun|dreihunderteinundzwanzig komma neunundneunzig
25,000.50	fünfundzwanzigtausend komma fünf null|fünfundzwanzigtausend komma fünfzig
2,750.23	zweitausendsiebenhundertfünfzig komma dreiundzwanzig
85.60	fünfundachtzig komma sechzig|fünfundachtzig Euro und sechzig Cent
99.99	neunundneunzig komma neunundneunzig
32.4	zweiunddreißig komma vier|zweiunddreißig Komma vier Zehntel
15,000.50	fünfzehntausend komma fünfzig
79.95	neunundsiebzig komma fünfundneunzig
45,678.90	fünfundvierzigtausendsechshundertachtundsiebzig komma neunzig
503.23	fünfhundertdrei komma dreiundzwanzig
299.99	zweihundertneunundneunzig komma neunundneunzig
699.99	sechshundertneunundneunzig komma neunundneunzig
6.68	sechs komma sechs acht|sechs komma achtundsechzig|sechskommaachtundsechzig Zehntel
2,100,000.75	zwei Millionen einhunderttausend komma siebzig fünf
2,796.66	zweitausendsiebenhundertsechsundneunzig komma sechs sechs
24,901.55	vierundzwanzigtausendneunhunderteins komma fünfundfünfzig
57.89	siebenundfünfzig komma neun acht|siebenundfünfzig komma neunundachtzig
32.15	zweiunddreißig komma fünfzehn
1,115.25	eintausendeinhundertfünfzehn komma fünfundzwanzig|eintausendeinhundertfünfzehn komma zwei fünf
44.68	vierundvierzig komma sechs acht|vierundvierzig komma achtundsechzig
344.29	dreihundertvierundvierzig komma neunundzwanzig
6.54	sechs komma fünf vier|sechs komma vierundfünfzig
452.78	vierhundertzweiundfünfzig komma achtundsiebzig
9.83	neun komma acht drei|neun Komma achtundachtzig
250.50	zweihundertfünfzig komma fünf null|zweihundertfünfzig komma fünfzig
31.42	einunddreißig komma zweiundvierzig|einunddreißig komma vierzig zwei
850.50	achthundertfünfzig komma fünf null|achthundertfünfzig komma fünfzig
250.80	zweihundertfünfzig komma acht null|zweihundertfünfzig komma acht
43.20	dreiundvierzig komma zwanzig|dreiundvierzig komma zwei null
4,810.45	viertausendachthundertzehn komma fünfundvierzig
5.64	fünf komma sechs vier|fünf komma sechsundsechzig|fünf Komma sechsundsechzig Hundertstel
1820.55	eintausendachthundertzwanzig komma fünf fünf|eintausendachthundertzwanzig komma fünfzig fünf
10.4	zehn komma vier|zehn und vier Zehntel
209.87	zweihundertneun komma acht sieben
5.50	fünf komma fünfzig|fünf Euro fünfzig Cent
21.0975	"einundzwanzig komma null neun sieben fünf|einundzwanzig komma null neun sieben fünf|einundzwanzig komma neun sieben fünf|hier gibt es keine spezielle Regel, aber man kann ""einundzwanzig komma neun sieben fünf"" oder ""einundzwanzig komma null neun sieben fünf"" sagen."
32.39	zweiunddreißig komma neununddreißig
28,999.99	achtundzwanzigtausendneunhundertneunundneunzig komma neunundneunzig
345.67	dreihundertfünfundvierzig komma sechs sieben|dreihundertfünfundvierzig komma siebenundsechzig
123.45	einhundertdreiundzwanzig komma fünfundvierzig
176.89	einhundertsechsundsiebzig komma neun acht|einhundertsechsundsiebzig komma neunundachtzig
3,674.89	dreitausendsechshundertvierundsiebzig komma neun acht
165.8	einhundertfünfundsechzig komma acht|einhundertfünfundsechzig Komma achtzig
874,321.65	achthundertvierundsiebzigtausenddreihunderteinundzwanzig komma fünfundsechzig
828.03	achthundertachtundzwanzig komma null drei|achthundertachtundzwanzig komma drei
23.76	dreiundzwanzig komma sechsundsiebzig
32.56	zweiunddreißig komma sechsundfünfzig|zweiunddreißig komma sechs
6,543,210.98	sechs Millionen fünfhundertdreiundvierzigtausendzweihundertzehn komma neun acht
345.62	dreihundertfünfundvierzig komma zweiundsechzig
79.99	neunundsiebzig komma neun neun
8.24	acht komma vierundzwanzig|acht komma vier zwei
3.89	drei komma acht neun
2,301.78	zweitausenddreihunderteins komma sieben acht|zweitausenddreihunderteins komma achtundsiebzig
0.32	null komma zweiunddreißig|dreißig zwei hundertstel
55.50	fünfundfünfzig komma fünf null|fünfundfünfzig komma fünf
50.99	fünfzig komma neunundneunzig
27.3	siebenundzwanzig komma drei
385.7	dreihundertfünfundachtzig komma sieben
29,999.56	neunundzwanzigtausendneunhundertneunundneunzig komma sechs sechs
18	achtzehn
12.95	zwölf komma neun fünf|zwölf komma fünfundneunzig
78.21	achtundsiebzig komma einundzwanzig|achtundsiebzig komma zwei Zehntel
2,01.39	NA (This number is not valid. It should be either 2.0139 or 201.39)
36.7	sechsunddreißig komma sieben|sechsunddreißig Komma sieben Zehntel
1,000.50	eintausend komma fünfzig|eintausend komma fünfhundertfünfzig
420.69	vierhundertzwanzig komma neunundsechzig|vierhundertzwanzig Komma sechs neun
28.34	achtundzwanzig komma vierunddreißig
15,690.78	fünfzehntausendsechshundertneunzig komma achtundsiebzig
22.75	zweiundzwanzig komma sieben fünf|zweiundzwanzig komma fünfundsiebzig
342,567.92	dreihundertzweiundvierzigtausendfünfhundertsiebenundsechzig komma zweiundneunzig
400.50	vierhundert komma fünf null
12.5	zwölf komma fünf|zwölfeinhalb
120.62	einhundertzwanzig komma zweiundsechzig
1,295,076.63	eine Million zweihundertfünfundneunzigtausendsiebenundsiebzig komma dreiundsechzig
320,487.89	dreihundertzwanzigtausendvierhundertsiebenundachtzig komma neun acht
7.23	sieben komma zwei drei|siebenundzwanzig Hundertstel
25.68	fünfundzwanzig komma sechs acht|fünfundzwanzig komma achtundsechzig|fünfundzwanzig Komma sechs acht
6,789.32	sechstausendsiebenhundertneunundachtzig komma zweiunddreißig
19,997.99	neunzehntausendneunhundertsiebenundneunzig komma neunundneunzig
12,742	zwölftausendsiebenhundertzweiundvierzig
5	fünf
1.47	eins komma vier sieben|eins komma siebenundvierzig
28.9	achtundzwanzig komma neun|achtundzwanzig komma neunzig
200.5	zweihundert komma fünf|zweihundertfünfzig
2,775.8	zweitausendsiebenhundertfünfundsiebzig komma acht|zweitausendsiebenhundertfünfundsiebzig komma achtzig
7.25	sieben komma zwei fünf|sieben und ein viertel
250.5	zweihundertfünfzig komma fünf|zweihundertfünfzig komma fünfzig
1,500.7	eintausendfünfhundert komma sieben
799.99	siebenhundertneunundneunzig komma neun neun|siebenhundertneunundneunzig komma neunundneunzig
1,800.50	eintausendachthundert komma fünf null|eintausendachthundertfünfzig komma fünfzig
12,345.67	zwölftausenddreihundertfünfundvierzig komma sechs sieben|zwölftausenddreihundertfünfundvierzig komma siebenundsechzig
132.09	einhundertzweiunddreißig komma null neun
2,783.92	zweitausendsiebenhundertdreiundachtzig komma zweiundneunzig
1,245.67	eintausendzweihundertfünfundvierzig komma sechs sieben|eintausendzweihundertfünfundvierzig komma siebenundsechzig
4.23	vier komma zwei drei
98.76	achtundneunzig komma sieben sechs|achtundneunzig komma sechsundsiebzig|neunundneunzig minus einundzwanzig vierundzwanzigstel
27.89	siebenundzwanzig komma neunundachtzig
876.54	achthundertsechsundsiebzig komma vierundfünfzig|achthundertsechsundsiebzig komma fünfundfünfzig
120.87	einhundertzwanzig komma sieben acht|einhundertzwanzig komma siebenundachtzig
5,678.99	fünftausendsechshundertachtundsiebzig komma neunundneunzig
120.50	einhundertzwanzig komma fünf null|einhundertzwanzig komma fünfzig
30.25	dreißig komma fünfundzwanzig|dreißig und ein Viertel
10,000.15	zehntausend komma fünfzehn
10.05	zehn komma null fünf|zehn komma null fünf null
3,245.12	dreitausendzweihundertfünfundvierzig komma zwölf
2,461.54	zweitausendvierhunderteinundsechzig komma vierundfünfzig
5,000.38	fünftausend komma achtunddreißig
1,111.11	eintausendeinhundertelf komma elf|eintausendeinhundertelf komma eins eins
76,543.99	sechsundsiebzigtausendfünfhundertdreiundvierzig komma neun neun|sechsundsiebzigtausendfünfhundertdreiundvierzig komma neunundneunzig
1,200.35	eintausendzweihundert komma fünfunddreißig|eintausendzweihundert Komma fünfunddreißig
32.59	zweiunddreißig komma neunundfünfzig|zweiunddreißig komma fünf neun
15,500.25	fünfzehntausendfünfhundert komma fünfundzwanzig|fünfzehntausendfünfhundert komma zwei fünf
1.21	eins komma einundzwanzig|einskommaeinundzwanzig|einsundzwanzig Hundertstel
4,500.90	viertausendfünfhundert komma neunzig|viertausendfünfhundertundneunzig hundertstel
750,000.80	siebenhundertfünfzigtausend komma achtzig
18.50	achtzehn komma fünfzig|achtzehneinhalb
5,600.75	fünftausendsechshundert komma fünfundsiebzig|fünftausendsechshundertundsiebzig komma fünf
0.77	siebenundsiebzig Hundertstel|siebenundsiebzig Tausendstel
125.6	einhundertfünfundzwanzig komma sechs|einhundertfünfundzwanzig komma sechzig
65,432.12	fünfundsechzigtausendvierhundertzweiunddreißig komma zwölf
49.9	neunundvierzig komma neun
-3.4	minus drei komma vier
109.76	einhundertneun komma sechsundsiebzig
85.99	fünfundachtzig komma neunundneunzig
25.5	fünfundzwanzig komma fünf|fünfundzwanzig einhalb
344.1	dreihundertvierundvierzig komma eins
125.9	einhundertfünfundzwanzig komma neun
13.61	dreizehn komma sechs eins|dreizehn komma einundsechzig
32.18	zweiunddreißig komma achtzehn|zweiunddreißig komma achtzehn acht
95.75	fünfundneunzig komma sieben fünf|fünfundneunzig komma fünfundsiebzig
23,450.12	dreiundzwanzigtausendvierhundertfünfzig komma zwölf
35.8	fünfunddreißig komma acht
5000.25	fünftausend komma fünfundzwanzig|fünftausend komma zwei fünf
86.4	sechsundachtzig komma vier
7.65	sieben komma sechs fünf|sieben komma fünfundsechzig
168.9	einhundertachtundsechzig komma neun|einhundertachtundsechzig Komma neunzig
2.34	zwei komma drei vier|zwei komma vierunddreißig
297.7	zweihundertsiebenundneunzig komma sieben
32.99	zweiunddreißig komma neun neun
0.95	neun fünf
456.22	vierhundertsechsundfünfzig komma zwei zwei|vierhundertsechsundfünfzig komma zweiundzwanzig
45.9	fünfundvierzig komma neun
26.78	sechsundzwanzig komma achtundsiebzig
12,500.75	zwölftausendfünfhundert komma fünfundsiebzig|zwölftausendfünfhundert siebzig fünf
250.37	zweihundertfünfzig komma drei sieben|zweihundertfünfzig komma siebenunddreißig
2794.61	zweitausendsiebenhundertvierundneunzig komma einundsechzig|zweitausendsiebenhundertvierundneunzig komma sechsundsechzig
75.25	fünfundsiebzig komma fünfundzwanzig|fünfundsiebzig komma zwei fünf
26.87	sechsundzwanzig komma acht sieben|sechsundzwanzig komma siebenundachtzig
1,000,000.89	eine Million komma acht neun
220.5	zweihundertzwanzig komma fünf|zweihundertzwanzig komma fünfzig
823.6	achthundertdreiundzwanzig komma sechs
2.36	zwei komma sechsunddreißig|zwei komma sechs drei|zwei und sechsunddreißig hundertstel|zwei und sechs drei hundertstel
139,822	einhundertneununddreißigtausendachthundertzweiundzwanzig
340.45	dreihundertvierzig komma fünfundvierzig
3,944.79	dreitausendneunhundertvierundvierzig komma neunundsiebzig
1,795.50	eintausendsiebenhundertfünfundneunzig komma fünf null|eintausendsiebenhundertfünfundneunzig komma fünfzig
21.3	einundzwanzig komma drei|einundzwanzig komma dreißig
99,999.99	neunundneunzigtausendneunhundertneunundneunzig komma neunundneunzig
15.26	fünfzehn komma sechsundzwanzig
50,000.37	fünfzigtausend komma drei sieben
91.44	einundneunzig komma vier vier|einundneunzig komma vierundvierzig
1,200.75	eintausendzweihundert komma fünfundsiebzig
27.54	siebenundzwanzig komma vierundfünfzig
5,250.75	fünftausendzweihundertfünfzig komma siebzig fünf|fünftausendzweihundertfünfzig komma fünfundsiebzig
15,000.92	fünfzehntausend komma neun zwei
45,677.32	fünfundvierzigtausendsechshundertsiebenundsiebzig komma zweiunddreißig
8,350.26	achttausenddreihundertfünfzig komma sechsundzwanzig
70.25	siebzig komma fünfundzwanzig|siebzig komma zwei fünf
1,500.09	eintausendfünfhundert komma null neun
3,200.50	dreitausendzweihundert komma fünf null
1,299.99	eintausendzweihundertneunundneunzig komma neun neun|eintausendzweihundertneunundneunzig komma neunundneunzig
112,345.67	einhundertzwölftausenddreihundertfünfundvierzig komma sechs sieben|einhundertzwölftausenddreihundertfünfundvierzig komma siebenundsechzig
11.54	elf komma vierundfünfzig|elfkommafünfundfünfzig
86,881.4	sechsundachtzigtausendachthunderteinundachtzig komma vier
8.3	acht komma drei|acht Komma drei
1,400	eintausendvierhundert
20,000	zwanzigtausend
6.16	sechs komma eins sechs|sechs Komma sechzehn
25.9	fünfundzwanzig komma neun|fünfundzwanzig komma neunzig
36,070	sechsunddreißigtausendsiebzig
50,000	fünfzigtausend
11.7	elf komma sieben
30.56	dreißig komma sechsundfünfzig|dreißig komma sechs
8.76	acht komma sieben sechs|acht Komma sieben sechs
27.50	siebenundzwanzig komma fünfzig|siebenundzwanzig Euro fünfzig Cent
53.29	dreiundfünfzig komma neunundzwanzig
82.34	zweiundachtzig komma vierunddreißig
45.78	fünfundvierzig komma sieben acht|fünfundvierzig komma achtundsiebzig
60.52	sechzig komma zweiundfünfzig|sechzig komma fünf zwei
23,450.99	dreiundzwanzigtausendvierhundertfünfzig komma neunundneunzig
1,250.34	eintausendzweihundertfünfzig komma vierunddreißig
8.5	acht komma fünf|acht einhalb
120.97	einhundertzwanzig komma neun sieben|einhundertzwanzig komma siebenundneunzig
3,276,500.25	drei Millionen zweihundertsechsundsiebzigtausendfünfhundert komma fünfundzwanzig
3,500,000.50	drei Millionen fünfhunderttausend komma fünfzig
32,987.75	zweiunddreißigtausendneunhundertsiebenundachtzig komma fünfundsiebzig
100	einhundert
600.75	sechshundert komma fünfundsiebzig|sechshundertundsiebzig komma fünf
120.89	einhundertzwanzig komma neunundachtzig
1,500.34	eintausendfünfhundert komma vierunddreißig|eintausendfünfhundertdreißig komma vierunddreißig
24.52	vierundzwanzig komma zweiundfünfzig
109.9	einhundertneun komma neun|einhundertneunundneunzig Zehntel
660,430	sechshundertsechzigtausendvierhundertdreißig
28.87	achtundzwanzig komma siebenundachtzig
3,125.50	dreitausendeinhundertfünfundzwanzig komma fünf null
1,342.34	eintausenddreihundertzweiundvierzig komma vierunddreißig|eintausenddreihundertzweiundvierzig komma dreiunddreißig
28.5	achtundzwanzig komma fünf|achtundzwanzig komma fünfzig|achtundzwanzig einhalb
167.2	einhundertsiebenundsechzig komma zwei
29,032	neunundzwanzigtausendzweiunddreißig
75	fünfundsiebzig
3.15	drei komma fünfzehn|drei und fünfzehn hundertstel
5,000.25	fünftausend komma fünfundzwanzig|fünftausend komma zwei fünf
36,070.71	sechsunddreißigtausendsiebzig komma einundsiebzig
872,123.50	achthundertzweiundsiebzigtausendeinhundertdreiundzwanzig komma fünfzig
22.56	zweiundzwanzig komma sechs sechs|zweiundzwanzig komma sechsundfünfzig
587,914.92	fünfhundertsiebenundachtzigtausendneunhundertvierzehn komma zweiundneunzig
6,614.68	sechstausendsechshundertvierzehn komma achtundsechzig|sechstausendsechshundertvierzehn komma sechs acht
4.59	vier komma fünf neun|vier komma neunundfünfzig
3,567.89	dreitausendfünfhundertsiebenundsechzig komma neun acht
42.56	zweiundvierzig komma sechs fünf|zweiundvierzig komma sechsundfünfzig
35,987.61	fünfunddreißigtausendneunhundertsiebenundachtzig komma einundsechzig
23.87	dreiundzwanzig komma acht sieben
1500.67	eintausendfünfhundert komma sechs sieben|eintausendfünfhundertundsiebzig komma sechs sieben
2,875.34	zweitausendachthundertfünfundsiebzig komma vierunddreißig|zweitausendachthundertfünfundsiebzig komma dreiundsiebzig
275,000.57	zweihundertfünfundsiebzigtausend fünfzig komma siebenundfünfzig
29,029.2	neunundzwanzigtausendneunundzwanzig komma zwei|neunundzwanzigtausendneunundzwanzig komma zwanzig
243.02	zweihundertdreiundvierzig komma null zwei|zweihundertdreiundvierzig komma null zwei null zwei|zweihundertdreiundvierzig komma zwei
2,450.5	zweitausendvierhundertfünfzig komma fünf
1,650,000.50	eine Million sechshundertfünfzigtausend komma fünfzig
3947.04	dreitausendneunhundertsiebenundvierzig komma null vier
1,254,987.34	eine Million zweihundertvierundfünfzigtausendneunhundertsiebenundachtzig komma vierunddreißig
9,483.76	neuntausendvierhundertdreiundachtzig komma sechsundsiebzig
72.8	zweiundsiebzig komma acht|zweiundsiebzig Komma achtzig
1.89	eins komma acht neun|eins komma neunundachtzig
185.50	einhundertfünfundachtzig komma fünf null|einhundertfünfundachtzig komma fünf
660,430.71	sechshundertsechzigtausendvierhundertdreißig komma einundsiebzig
8.99	acht komma neun neun|acht Euro neunundneunzig Cent
7.1	sieben komma eins|siebeneinhalb (rounded up)
26.50	sechsundzwanzig komma fünfzig|sechsundzwanzig komma fünf
4,500.80	viertausendfünfhundert komma achtzig
1.75	eins komma sieben fünf|einskommasiebenfünftel
2,800.25	zweitausendachthundert komma fünfundzwanzig|zweitausendachthundert komma fünfundzwanzig|zweitausendachthundert komma fünfundzwanzig|zweitausendachthundert komma fünfundzwanzig|zweitausendachthundert komma fünfundzwanzig|zweitausendachthundert komma fünfundzwanz
15.80	fünfzehn komma achtzig
178.90	einhundertachtundsiebzig komma neunzig
250,000.67	zweihundertfünfzigtausend komma sechs sieben
1,245.99	eintausendzweihundertfünfundvierzig komma neun neun|eintausendzweihundertfünfundvierzig komma neunundneunzig
245.87	zweihundertfünfundvierzig komma acht sieben
310,525.75	dreihundertzehntausendfünfhundertfünfundzwanzig komma fünfundsiebzig
3,000.20	dreitausend komma zwanzig
62,000.10	zweiundsechzigtausend komma eins null
2.1	zwei komma eins|zweieinhalb (Note: zweieinhalb is not a valid translation for 2.1, it is only valid for 2.5)
500,000.50	fünfhunderttausend komma fünfzig
1.61803398875	NA (This is a mathematical constant known as the golden ratio and is not typically spelled out in German or any other language.)
15,750.25	fünfzehntausendsiebenhundertfünfzig komma fünfundzwanzig
10,994.03	zehntausendneunhundertvierundneunzig komma null drei
0.99	null komma neun neun|eins Komma minus eins
28.63	achtundzwanzig komma dreiundsechzig
700.32	siebenhundert komma zweiunddreißig|siebenhundertundeinhalb
19,000	neunzehntausend
36.8	sechsunddreißig komma acht|sechsunddreißig Komma achtzehn
23.54	dreiundzwanzig komma vierundfünfzig
12.67	zwölf komma sechs sieben|zwölf komma siebenundsechzig
82,103	zweiundachtzigtausendeinhundertdrei
70	siebzig
1,000.53	eintausend komma dreiundfünfzig
56.78	sechsundfünfzig komma achtundsiebzig
100.25	einhundert komma fünfundzwanzig|einhundert komma fünfundzwanzig Zehntel
1080.67	eintausendachtzig komma sechs sieben
18,999.99	achtzehntausendneunhundertneunundneunzig komma neunundneunzig
1,345.67	eintausenddreihundertfünfundvierzig komma sechs sieben|eintausenddreihundertfünfundvierzig komma siebenundsechzig
250,000.50	zweihundertfünfzigtausend komma fünf null|zweihundertfünfzigtausend komma fünfzig
4.05	vier komma null fünf|vier komma null fünf null|vier komma fünf
7,654.32	siebentausendsechshundertvierundfünfzig komma zweiunddreißig
23,456.78	dreiundzwanzigtausendvierhundertsechsundfünfzig komma achtundsiebzig
44.5	vierundvierzig komma fünf|vierundvierzig einhalb
1,000,000.99	eine Million komma neun neun|eine Million komma neunundneunzig
30.57	dreißig komma siebenundfünfzig
167.3	einhundertsiebenundsechzig komma drei
5.5	fünf komma fünf|fünfeinhalb
553.21	fünfhundertdreiundfünfzig komma einundzwanzig|fünfhundertdreiundfünfzig komma zweiundzwanzig
986.54	neunhundertsechsundachtzig komma fünf vier|neunhundertsechsundachtzig komma vierundfünfzig
372.8	dreihundertzweiundsiebzig komma acht|dreihundertzweiundsiebzig komma achtzehn
343.20	dreihundertdreiundvierzig komma zwanzig|dreihundertdreiundvierzig komma zwei null
52.5	zweiundfünfzig komma fünf|zweiundfünfzig einhalb
2.8	"zwei komma acht|zweieinhalb (Note: ""zweieinhalb"" is not a valid translation for 2.8, it was a mistake in a previous example)"
65,000.50	fünfundsechzigtausend komma fünf null|fünfundsechzigtausend komma fünfzig
2,800.56	zweitausendachthundert komma sechshundertundfünfzig sechs
25.7	fünfundzwanzig komma sieben
8.90	acht komma neunzig
4,509.23	viertausendfünfhundertneun komma dreiundzwanzig
2.7	zwei komma sieben|zweieinhalb (rounded up)
175.5	einhundertfünfundsiebzig komma fünf|einhundertfünfundsiebzig komma fünfzig|einhundertfünfundsiebzig einhalb
31.9	einunddreißig komma neun
260,000.25	zweihundertsechzigtausend komma fünfundzwanzig
27.86	siebenundzwanzig komma sechsundachtzig
7.63	sieben komma sechs drei|sieben komma dreiundsechzig
3.26	drei komma sechs zwei|drei komma sechsundzwanzig
375,000.50	dreihundertfünfundsiebzigtausendfünfzig komma fünf null
38.5	achtunddreißig komma fünf|achtunddreißig einhalb
450.75	vierhundertfünfzig komma sieben fünf|vierhundertfünfzig komma fünfundsiebzig
45.76	fünfundvierzig komma sechsundsiebzig
38.72	achtunddreißig komma zweiundsiebzig
237.89	zweihundertsiebenunddreißig komma neun acht|zweihundertsiebenunddreißig komma neunundachtzig
3,879,999.99	drei Millionen achthundertneunundsiebzigtausend neunhundertneunundneunzig komma neun neun
215.7	zweihundertfünfzehn komma sieben
55.4	fünfundfünfzig komma vier|fünfundfünfzig und vier Zehntel
24.89	vierundzwanzig komma neun acht|vierundzwanzig komma neunundachtzig
599.99	fünfhundertneunundneunzig komma neun neun|fünfhundertneunundneunzig Euro neunundneunzig Cent
173,300.50	einhundertdreiundsiebzigtausenddreihundert komma fünfzig
2,451.80	zweitausendvierhunderteinundfünfzig komma achtzig
465.34	vierhundertfünfundsechzig komma vierunddreißig
1,250.75	eintausendzweihundertfünfzig komma fünfundsiebzig
187.56	einhundertsiebenundachtzig komma sechs fünf|einhundertsiebenundachtzig komma sechsundfünfzig
20.32	zwanzig komma zweiunddreißig|zwanzig und zweiunddreißig Hundertstel
24.50	vierundzwanzig komma fünfzig|vierundzwanzig Euro fünfzig Cent
8,654.32	achttausendsechshundertvierundfünfzig komma zweiunddreißig
24.67	vierundzwanzig komma sechs sieben|vierundzwanzig komma siebenundsechzig
2,536.45	zweitausendfünfhundertsechsunddreißig komma fünfundvierzig
78.60	achtundsiebzig komma sechzig|achtundsiebzig komma sechs
350,000.50	dreihundertfünfzigtausend komma fünfzig
200.75	zweihundert komma fünfundsiebzig|zweihundertundsiebzig Komma fünfundsiebzig
20.2	zwanzig komma zwei|zwanzig Komma zweihundert
456,789.01	vierhundertsechsundfünfzigtausendsiebenhundertneunundachtzig komma null eins|vierhundertsechsundfünfzigtausendsiebenhundertneunundachtzig komma eins
5,585.72	fünftausendfünfhundertfünfundachtzig komma zweiundsiebzig
2500.15	zweitausendfünfhundert komma fünfzehn
180.75	einhundertachtzig komma fünfundsiebzig
2791.84	zweitausendsiebenhunderteinundneunzig komma vierundachtzig
3,700.99	dreitausendsiebenhundert komma neunundneunzig|dreitausendsiebenhundertundnullneunundneunzig
-5.32	minus fünf komma zwei drei
100.50	einhundert komma fünfzig|einhundertundfünfzig
26.7	sechsundzwanzig komma sieben
1,450,000.75	eine Million vierhundertfünfzigtausend komma siebzig fünf
50.56	fünfzig komma sechs sechs|fünfzig komma sechsundfünfzig
12,567.89	zwölftausendfünfhundertsiebenundsechzig komma neun acht
18.6	achtzehn komma sechs|achtzehneinhalb
120.85	einhundertzwanzig komma fünfundachtzig
0.02	zwei Hundertstel|Null Komma Null Zwei
2,310.75	zweitausenddreihundertzehn komma sieben fünf|zweitausenddreihundertzehn komma fünfundsiebzig
45.3	fünfundvierzig komma drei
7,632.89	siebentausendsechshundertzweiunddreißig komma neunzig|siebentausendsechshundertzweiunddreißig komma achtundachtzig|siebentausendsechshundertzweiunddreißig komma neunundachtzig
2.72	zwei komma sieben zwei|zwei komma zweiundsiebzig Hundertstel
2,600.5	zweitausendsechshundert komma fünf|zweitausendsechshundert komma fünfzig
4.3	vier komma drei|vierunddreißig Hundertstel
68.95	achtundsechzig komma neun fünf|achtundsechzig komma fünfundneunzig
-2.3	minus zwei komma drei
245.25	zweihundertfünfundvierzig komma fünfundzwanzig|zweihundertfünfundvierzig komma zwei fünf
1,600,000.75	eine Million sechshunderttausend komma fünfundsiebzig
80.5	achtzig komma fünf|achtzig Komma fünf
456.89	vierhundertsechsundfünfzig komma neun acht|vierhundertsechsundfünfzig komma neunundachtzig
2.39	zwei komma drei neun|zwei komma neununddreißig
3,178,945.76	drei Millionen einhundertachtundsiebzigtausendneunhundertfünfundvierzig komma sechsundsiebzig
20.50	zwanzig komma fünf null|zwanzig komma fünfzig
6,500.25	sechstausendfünfhundert komma fünfundzwanzig|sechstausendfünfhundert komma fünfundzwanzig|sechstausendfünfhundertundeinskomma fünf
9,875.42	neuntausendachthundertfünfundsiebzig komma zweiundvierzig
88.75	achtundachtzig komma fünfundsiebzig|achtundachtzig komma sieben fünf
3,145,923.67	drei Millionen einhundertfünfundvierzigtausendneunhundertdreiundzwanzig komma sechs sieben
