3.7	tres coma siete
2.4	dos coma cuatro|dos y cuatro décimas
1,234.56	mil doscientos treinta y cuatro coma cincuenta y seis
500.75	quinientos coma setenta y cinco
7.8	siete coma ocho
6,789,432.10	seis millones setecientos ochenta y nueve mil cuatrocientos treinta y dos coma diez
2.3	dos coma tres|dos y tres décimas
65,987.55	sesenta y cinco mil novecientos ochenta y siete coma cincuenta y cinco
156.30	ciento cincuenta y seis coma treinta
3.5	tres coma cinco|tres y medio
344.23	trescientos cuarenta y cuatro coma veintitrés
2.43	dos coma cuarenta y tres
7.56	siete coma cincuenta y seis
2,623.12	dos mil seiscientos veintitrés coma doce
678,432.14	seiscientos setenta y ocho mil cuatrocientos treinta y dos coma catorce
15.99	quince coma noventa y nueve
22.67	veintidós coma sesenta y siete|veintidós con sesenta y siete
8.98	ocho coma noventa y ocho
85.50	ochenta y cinco coma cincuenta
9,345,621.78	nueve millones trescientos cuarenta y cinco mil seiscientos veintiuno coma setenta y ocho
9.99	nueve coma noventa y nueve
2,335,987.44	dos millones trescientos treinta y cinco mil novecientos ochenta y siete coma cuarenta y cuatro
22,499.99	veintidós mil cuatrocientos noventa y nueve coma noventa y nueve
2,34.56	NA (This number is not valid. In Spanish, the comma is used as a decimal separator and the period is used to separate thousands.)
19.99	diecinueve coma noventa y nueve
1,000.12	mil coma doce
32.45	treinta y dos coma cuarenta y cinco
5.67	cinco coma sesenta y siete|cinco y sesenta y siete centésimas
14.23	catorce coma veintitrés
1,200,345.76	un millón doscientos mil trescientos cuarenta y cinco coma setenta y seis
745.89	setecientos cuarenta y cinco coma ochenta y nueve
25.37	veinticinco coma treinta y siete
2,793.42	dos mil setecientos noventa y tres coma cuarenta y dos
6,788.12	seis mil setecientos ochenta y ocho coma doce
5.26	cinco coma veintiséis|cinco con veintiséis
999.99	novecientos noventa y nueve coma noventa y nueve
456.32	cuatrocientos cincuenta y seis coma treinta y dos
4.29	cuatro coma veintinueve
1.25	uno coma veinticinco|uno y cuarto
225.4	doscientos veinticinco coma cuatro
7,569,301.59	siete millones quinientos sesenta y nueve mil trescientos uno coma cincuenta y nueve
50.8	cincuenta coma ocho|cincuenta y ocho décimas
200.56	doscientos coma cincuenta y seis
12,000.25	doce mil coma veinticinco
7.2	siete coma dos|siete con dos décimas
2,318,029.87	dos millones trescientos dieciocho mil veintinueve coma ochenta y siete
600,000	seiscientos mil
2.5	dos coma cinco|dos y medio
532,111.67	quinientos treinta y dos mil ciento once coma sesenta y siete
20.7	veinte coma siete|veinte y siete décimas
0.89	cero coma ochenta y nueve
9.3	nueve coma tres|nueve con tres
4.6	cuatro coma seis|cuatro y seis décimas
12.8	doce coma ocho|doce con ocho décimas
29,031.69	veintinueve mil treinta y uno coma sesenta y nueve
280.55	doscientos ochenta coma cincuenta y cinco
534.23	quinientos treinta y cuatro coma veintitrés
6.7	seis coma siete
1,500,000.50	un millón quinientos mil coma cincuenta
8,999.99	ocho mil novecientos noventa y nueve coma noventa y nueve
0.75	setenta y cinco centésimas|tres cuartos
3,600.25	tres mil seiscientos coma veinticinco
24.9	veinticuatro coma nueve
4.35	cuatro coma treinta y cinco|cuatro con treinta y cinco
45.67	cuarenta y cinco coma sesenta y siete
1,500.5	mil quinientos coma cinco
850.64	ochocientos cincuenta coma sesenta y cuatro
3.45	tres coma cuarenta y cinco
320.75	trescientos veinte coma setenta y cinco
56.8	cincuenta y seis coma ocho
2.25	dos coma veinticinco|dos y un cuarto
4,200.50	cuatro mil doscientos coma cincuenta
344.87	trescientos cuarenta y cuatro coma ochenta y siete
3.14	tres coma catorce
29.99	veintinueve coma noventa y nueve
13.37	trece coma treinta y siete
4,567.89	cuatro mil quinientos sesenta y siete coma ochenta y nueve
8,500.50	ocho mil quinientos coma cincuenta
350.25	trescientos cincuenta coma veinticinco
5.87	cinco coma ochenta y siete
1,214.32	mil doscientos catorce coma treinta y dos
12.17	doce coma diecisiete
2,342.56	dos mil trescientos cuarenta y dos coma cincuenta y seis
0.76	setenta y seis centésimas
532.91	quinientos treinta y dos coma noventa y uno
143.69	ciento cuarenta y tres coma sesenta y nueve
521,000.99	quinientos veintiuno mil coma noventa y nueve
8.23	ocho coma veintitrés
3,106.75	tres mil ciento seis coma setenta y cinco
30.12	treinta coma doce
344.05	trescientos cuarenta y cuatro coma cero cinco
29,029.24	veintinueve mil veintinueve coma veinticuatro
6.8	seis coma ocho
550.50	quinientos cincuenta coma cincuenta
3,218.75	tres mil doscientos dieciocho coma setenta y cinco
0.25	cero coma veinticinco|un cuarto
2,791.04	dos mil setecientos noventa y uno coma cero cuatro
27.5	veintisiete coma cinco|veintisiete y medio
90.87	noventa coma ochenta y siete
35.60	treinta y cinco coma sesenta
6.03	seis coma cero tres
42.38	cuarenta y dos coma treinta y ocho
104	ciento cuatro
10	diez
55.5	cincuenta y cinco coma cinco|cincuenta y cinco y medio
8.7	ocho coma siete
90	noventa
57,899.99	cincuenta y siete mil ochocientos noventa y nueve coma noventa y nueve
238,855.05	doscientos treinta y ocho mil ochocientos cincuenta y cinco coma cero cinco
2,500.75	dos mil quinientos coma setenta y cinco
12.76	doce coma setenta y seis
265,000.50	doscientos sesenta y cinco mil coma cincuenta
38.9	treinta y ocho coma nueve
512.34	quinientos doce coma treinta y cuatro
1,234,567.89	un millón doscientos treinta y cuatro mil quinientos sesenta y siete coma ochenta y nueve
3.2	tres coma dos|tres y dos décimas
26.2	veintiséis coma dos|veintiséis con dos décimas|veintiséis y dos décimas
10.5	diez coma cinco|diez y medio
500,000.75	quinientos mil coma setenta y cinco
150.6	ciento cincuenta coma seis
13,456.78	trece mil cuatrocientos cincuenta y seis coma setenta y ocho
8.95	ocho coma noventa y cinco|ocho con noventa y cinco
5.9	cinco coma nueve|cinco y nueve décimas
7.99	siete coma noventa y nueve
16.78	dieciséis coma setenta y ocho
50.37	cincuenta coma treinta y siete
1.85	uno coma ochenta y cinco|uno con ochenta y cinco
55.55	cincuenta y cinco coma cincuenta y cinco|cincuenta y cinco con cincuenta y cinco décimas
1,416.76	mil cuatrocientos dieciséis coma setenta y seis
250.75	doscientos cincuenta coma setenta y cinco
26.79	veintiséis coma setenta y nueve
84.50	ochenta y cuatro coma cincuenta
2.54	dos coma cincuenta y cuatro
125.45	ciento veinticinco coma cuarenta y cinco
5,000.57	cinco mil coma cincuenta y siete
180.65	ciento ochenta coma sesenta y cinco
16.99	dieciséis coma noventa y nueve
12.3	doce coma tres|doce con tres
164.8	ciento sesenta y cuatro coma ocho
98.6	noventa y ocho coma seis
7.35	siete coma treinta y cinco
29,029	veintinueve mil veintinueve
85,000.50	ochenta y cinco mil coma cincuenta
5,000.50	cinco mil coma cincuenta
28.76	veintiocho coma setenta y seis
350.99	trescientos cincuenta coma noventa y nueve
42.17	cuarenta y dos coma diecisiete
2,789.45	dos mil setecientos ochenta y nueve coma cuarenta y cinco
67.89	sesenta y siete coma ochenta y nueve
12.34	doce coma treinta y cuatro
18.75	dieciocho coma setenta y cinco|dieciocho con setenta y cinco
32,553.89	treinta y dos mil quinientos cincuenta y tres coma ochenta y nueve
899.99	ochocientos noventa y nueve coma noventa y nueve
3.50	tres con cincuenta|tres coma cincuenta
55.53	cincuenta y cinco coma cincuenta y tres
1422.14	mil cuatrocientos veintidós coma catorce
8,848.86	ocho mil ochocientos cuarenta y ocho coma ochenta y seis
33.50	treinta y tres coma cincuenta
586.41	quinientos ochenta y seis coma cuarenta y uno
4.93	cuatro coma noventa y tres
13,170.69	trece mil ciento setenta coma sesenta y nueve
76	setenta y seis
2.75	dos coma setenta y cinco|dos y tres cuartos
206.5	doscientos seis coma cinco|doscientos seis y medio
3,415,322.80	tres millones cuatrocientos quince mil trescientos veintidós coma ochenta
1.5	uno coma cinco|uno y medio
10,000.75	diez mil coma setenta y cinco
9.27	nueve coma veintisiete
65.50	sesenta y cinco coma cincuenta|sesenta y cinco con cincuenta
2000.15	dos mil coma quince
250.65	doscientos cincuenta coma sesenta y cinco
2.45	dos coma cuarenta y cinco
180.50	ciento ochenta coma cincuenta
400.75	cuatrocientos coma setenta y cinco
3.67	tres coma sesenta y siete
4.55	cuatro coma cincuenta y cinco|cuatro y cincuenta y cinco centésimas
36,070.79	treinta y seis mil setenta coma setenta y nueve
12,500.85	doce mil quinientos coma ochenta y cinco
4,568.32	cuatro mil quinientos sesenta y ocho coma treinta y dos
78,543.99	setenta y ocho mil quinientos cuarenta y tres coma noventa y nueve
12.75	doce coma setenta y cinco|doce con setenta y cinco
0.68	cero coma sesenta y ocho
456,987.23	cuatrocientos cincuenta y seis mil novecientos ochenta y siete coma veintitrés
57.88	cincuenta y siete coma ochenta y ocho
16.8	dieciséis coma ocho
789.45	setecientos ochenta y nueve coma cuarenta y cinco
30.7	treinta coma siete|treinta y siete décimas
27.9	veintisiete coma nueve
52.3	cincuenta y dos coma tres
12.6	doce coma seis|doce y seis décimas
245.60	doscientos cuarenta y cinco coma sesenta
4.7	cuatro coma siete
156.87	ciento cincuenta y seis coma ochenta y siete
7.5	siete coma cinco|siete y medio
8,900.75	ocho mil novecientos coma setenta y cinco
345,678.99	trescientos cuarenta y cinco mil seiscientos setenta y ocho coma noventa y nueve
2,793.21	dos mil setecientos noventa y tres coma veintiuno
24.97	veinticuatro coma noventa y siete
60.36	sesenta coma treinta y seis
14.99	catorce coma noventa y nueve
1,250.87	mil doscientos cincuenta coma ochenta y siete
12,742.18	doce mil setecientos cuarenta y dos coma dieciocho
50.25	cincuenta coma veinticinco
372.6	trescientos setenta y dos coma seis
7.89	siete coma ochenta y nueve
500	quinientos
35.90	treinta y cinco coma noventa
22.68	veintidós coma sesenta y ocho|veintidós con sesenta y ocho
3,945.79	tres mil novecientos cuarenta y cinco coma setenta y nueve
10,971	diez mil novecientos setenta y uno
8.75	ocho coma setenta y cinco|ocho con setenta y cinco
49.99	cuarenta y nueve coma noventa y nueve
200.34	doscientos coma treinta y cuatro
1.1286	uno coma uno dos ocho seis
250.89	doscientos cincuenta coma ochenta y nueve
4,500.63	cuatro mil quinientos coma sesenta y tres
42.195	cuarenta y dos coma ciento noventa y cinco
27.8	veintisiete coma ocho|veintisiete y ocho décimas
50.75	cincuenta coma setenta y cinco|cincuenta y setenta y cinco centésimas
4.25	cuatro coma veinticinco|cuatro y veinticinco centésimas
946.35	novecientos cuarenta y seis coma treinta y cinco
1,000.23	mil coma veintitrés
500.85	quinientos coma ochenta y cinco|quinientos con ochenta y cinco centavos
0.5	cero coma cinco|medio
300	trescientos
9.8	nueve coma ocho
0.3	cero coma tres|tres décimas
80	ochenta
8.4	ocho coma cuatro
0.7	cero coma siete|siete décimas
6,789.50	seis mil setecientos ochenta y nueve coma cincuenta
9.2	nueve coma dos|nueve con dos
2,785.8	dos mil setecientos ochenta y cinco coma ocho
83.4	ochenta y tres coma cuatro
120.3	ciento veinte coma tres
500.3	quinientos coma tres
5.2	cinco coma dos|cinco y dos décimas
100.5	cien coma cinco|cien y medio
72.3	setenta y dos coma tres
75.5	setenta y cinco coma cinco
3,456.7	tres mil cuatrocientos cincuenta y seis coma siete
4.5	cuatro coma cinco|cuatro y medio
15.2	quince coma dos|quince con dos décimas
0.05	cero coma cero cinco|cinco centésimas
33.5	treinta y tres coma cinco|treinta y tres y medio
56.7	cincuenta y seis coma siete
1.2	uno coma dos
150	ciento cincuenta
836,330	ochocientos treinta y seis mil trescientos treinta
5.6	cinco coma seis|cinco y seis décimas
2,624.6	dos mil seiscientos veinticuatro coma seis
4.8	cuatro coma ocho|cuatro y ocho décimas
25,620.75	veinticinco mil seiscientos veinte coma setenta y cinco
2.6	dos coma seis|dos y seis décimas
825.3	ochocientos veinticinco coma tres
0.9	cero coma nueve|nueve décimas
100.4	cien coma cuatro
2,789.3	dos mil setecientos ochenta y nueve coma tres
1,985.62	mil novecientos ochenta y cinco coma sesenta y dos
17.83	diecisiete coma ochenta y tres
50,000.25	cincuenta mil coma veinticinco
25.6	veinticinco coma seis|veinticinco y seis décimas
9.87	nueve coma ochenta y siete
145.67	ciento cuarenta y cinco coma sesenta y siete
457.89	cuatrocientos cincuenta y siete coma ochenta y nueve
23.45	veintitrés coma cuarenta y cinco
32.10	treinta y dos coma diez
150.5	ciento cincuenta coma cinco|ciento cincuenta y medio
2300.75	dos mil trescientos coma setenta y cinco
28.4	veintiocho coma cuatro
23.7	veintitrés coma siete|veintitrés con siete décimas
43.9	cuarenta y tres coma nueve
2571.3	dos mil quinientos setenta y uno coma tres
499.99	cuatrocientos noventa y nueve coma noventa y nueve
89.50	ochenta y nueve coma cincuenta
185.25	ciento ochenta y cinco coma veinticinco
180.67	ciento ochenta coma sesenta y siete
1,250,000.75	un millón doscientos cincuenta mil coma setenta y cinco
235.67	doscientos treinta y cinco coma sesenta y siete
15.76	quince coma setenta y seis
102.34	ciento dos coma treinta y cuatro
13.55	trece coma cincuenta y cinco|trece con cincuenta y cinco
2,780.34	dos mil setecientos ochenta coma treinta y cuatro
47,000.29	cuarenta y siete mil coma veintinueve
1.98	uno coma noventa y ocho|uno con noventa y ocho
2,350.75	dos mil trescientos cincuenta coma setenta y cinco
8848.86	ocho mil ochocientos cuarenta y ocho coma ochenta y seis
3.78541	tres coma siete ocho cinco cuatro uno
871.56	ochocientos setenta y uno coma cincuenta y seis
299,792,458	doscientos noventa y nueve millones setecientos noventa y dos mil cuatrocientos cincuenta y ocho
89.99	ochenta y nueve coma noventa y nueve
12.50	doce coma cincuenta
20.5	veinte coma cinco|veinte y medio
57.23	cincuenta y siete coma veintitrés
3.79	tres coma setenta y nueve
11.6	once coma seis|once y seis décimas
15.89	quince coma ochenta y nueve
500.99	quinientos coma noventa y nueve
2,345.67	dos mil trescientos cuarenta y cinco coma sesenta y siete
1,249.99	mil doscientos cuarenta y nueve coma noventa y nueve
10,000.56	diez mil coma cincuenta y seis
200.17	doscientos coma diecisiete
29,029.35	veintinueve mil veintinueve coma treinta y cinco
28.46	veintiocho coma cuarenta y seis
4,401.20	cuatro mil cuatrocientos uno coma veinte
25.99	veinticinco coma noventa y nueve
27.56	veintisiete coma cincuenta y seis|veintisiete con cincuenta y seis centavos
2.50	dos coma cincuenta
150,000.87	ciento cincuenta mil coma ochenta y siete
3,926.30	tres mil novecientos veintiséis coma treinta
45.80	cuarenta y cinco coma ochenta
1,255,122.65	un millón doscientos cincuenta y cinco mil ciento veintidós coma sesenta y cinco
72,489.36	setenta y dos mil cuatrocientos ochenta y nueve coma treinta y seis
38.99	treinta y ocho coma noventa y nueve
15.09	quince coma cero nueve
660,430.08	seiscientos sesenta mil cuatrocientos treinta coma cero ocho
23.78	veintitrés coma setenta y ocho
344,400	trescientos cuarenta y cuatro mil cuatrocientos
0.64	cero coma sesenta y cuatro
1,500.75	mil quinientos coma setenta y cinco
118.29	ciento dieciocho coma veintinueve
1.42	uno coma cuarenta y dos
15.27	quince coma veintisiete
1,042.34	mil cuarenta y dos coma treinta y cuatro
100.8	cien coma ocho
7.3	siete coma tres|siete con tres
1,764.89	mil setecientos sesenta y cuatro coma ochenta y nueve
23.8	veintitrés coma ocho
45.87	cuarenta y cinco coma ochenta y siete
128.76	ciento veintiocho coma setenta y seis
523.91	quinientos veintitrés coma noventa y uno
5,678.90	cinco mil seiscientos setenta y ocho coma noventa
23.56	veintitrés coma cincuenta y seis
356.89	trescientos cincuenta y seis coma ochenta y nueve
3,452.67	tres mil cuatrocientos cincuenta y dos coma sesenta y siete
30,000.15	treinta mil coma quince
9,876.54	nueve mil ochocientos setenta y seis coma cincuenta y cuatro
3.27	tres coma veintisiete
2,300	dos mil trescientos
828	ochocientos veintiocho
22.5	veintidós coma cinco|veintidós y medio
567.89	quinientos sesenta y siete coma ochenta y nueve
15.75	quince coma setenta y cinco|quince con setenta y cinco
10,000.50	diez mil coma cincuenta
108.9	ciento ocho coma nueve
87.56	ochenta y siete coma cincuenta y seis
1.45	uno coma cuarenta y cinco
148.48	ciento cuarenta y ocho coma cuarenta y ocho
38.22	treinta y ocho coma veintidós
12.99	doce coma noventa y nueve
32.8	treinta y dos coma ocho
2500.75	dos mil quinientos|dos mil quinientos coma setenta y cinco
6,720,939.42	seis millones setecientos veinte mil novecientos treinta y nueve coma cuarenta y dos
345.98	trescientos cuarenta y cinco coma noventa y ocho
14.35	catorce coma treinta y cinco|catorce con treinta y cinco
11.99	once coma noventa y nueve
3,000.75	tres mil coma setenta y cinco
3.97	tres coma noventa y siete
80.39	ochenta coma treinta y nueve
42.97	cuarenta y dos coma noventa y siete
14.36	catorce coma treinta y seis
185.47	ciento ochenta y cinco coma cuarenta y siete
15.6	quince coma seis|quince punto seis
3.99	tres coma noventa y nueve
7,500.25	siete mil quinientos coma veinticinco
1.37	uno coma treinta y siete
3.75	tres coma setenta y cinco|tres y tres cuartos
8.34	ocho coma treinta y cuatro
12,080.59	doce mil ochenta coma cincuenta y nueve
39.1	treinta y nueve coma uno
1911.25	mil novecientos once coma veinticinco
21,500.30	veintiuno mil quinientos coma treinta
25,000.75	veinticinco mil coma setenta y cinco
3,550.89	tres mil quinientos cincuenta coma ochenta y nueve
28.6	veintiocho coma seis|veintiocho y seis décimas
9,750.80	nueve mil setecientos cincuenta coma ochenta
1,745.63	mil setecientos cuarenta y cinco coma sesenta y tres
13.98	trece coma noventa y ocho
58.79	cincuenta y ocho coma setenta y nueve
47.89	cuarenta y siete coma ochenta y nueve
36.75	treinta y seis coma setenta y cinco|treinta y seis con setenta y cinco
1.69	uno coma sesenta y nueve
829.8	ochocientos veintinueve coma ocho
40,075.16	cuarenta mil setenta y cinco coma dieciséis
343.2	trescientos cuarenta y tres coma dos
3.78	tres coma setenta y ocho
10,994	diez mil novecientos noventa y cuatro
3,450.50	tres mil cuatrocientos cincuenta coma cincuenta
6.5	seis coma cinco|seis y medio
20,000.75	veinte mil coma setenta y cinco
10,230.90	diez mil doscientos treinta coma noventa
500,000.23	quinientos mil coma veintitrés
1,520.36	mil quinientos veinte coma treinta y seis
9,875.85	nueve mil ochocientos setenta y cinco coma ochenta y cinco
35,500.79	treinta y cinco mil quinientos coma setenta y nueve
0.8	cero coma ocho|ocho décimas
350.29	trescientos cincuenta coma veintinueve
22,841.899	veintidós mil ochocientos cuarenta y uno coma ocho nueve nueve
389.46	trescientos ochenta y nueve coma cuarenta y seis
1,190.49	mil ciento noventa coma cuarenta y nueve
6.37	seis coma treinta y siete
1,753.89	mil setecientos cincuenta y tres coma ochenta y nueve
324.8	trescientos veinticuatro coma ocho
209.2	doscientos nueve coma dos
92	noventa y dos
167.8	ciento sesenta y siete coma ocho
5,505.6	cinco mil quinientos cinco coma seis
1,230.05	mil doscientos treinta coma cero cinco
9,456.78	nueve mil cuatrocientos cincuenta y seis coma setenta y ocho
120.7	ciento veinte coma siete
23,456.71	veintitrés mil cuatrocientos cincuenta y seis coma setenta y uno
10.75	diez coma setenta y cinco|diez y setenta y cinco
6.4	seis coma cuatro
50,000.75	cincuenta mil coma setenta y cinco
1,250.99	mil doscientos cincuenta coma noventa y nueve
651.23	seiscientos cincuenta y uno coma veintitrés
764.32	setecientos sesenta y cuatro coma treinta y dos
189.99	ciento ochenta y nueve coma noventa y nueve
9.63	nueve coma sesenta y tres
15.57	quince coma cincuenta y siete
3,456.78	tres mil cuatrocientos cincuenta y seis coma setenta y ocho
7.52	siete coma cincuenta y dos
15.1	quince coma uno
190.5	ciento noventa coma cinco|ciento noventa y medio
4.37	cuatro coma treinta y siete
6,000.75	seis mil coma setenta y cinco
150.75	ciento cincuenta coma setenta y cinco
325.5	trescientos veinticinco coma cinco|trescientos veinticinco y medio
180.5	ciento ochenta coma cinco|ciento ochenta y medio
20.3	veinte coma tres|veinte y tres décimas
1,275.50	mil doscientos setenta y cinco coma cincuenta
81.6	ochenta y uno coma seis
1000.75	mil coma setenta y cinco
98.4	noventa y ocho coma cuatro
6.99	seis coma noventa y nueve
500,000.56	quinientos mil coma cincuenta y seis
167.89	ciento sesenta y siete coma ochenta y nueve
3.25	tres coma veinticinco|tres y veinticinco centésimas
1,200.50	mil doscientos coma cincuenta
12.87	doce coma ochenta y siete
4.75	cuatro coma setenta y cinco|cuatro y setenta y cinco centésimas
85.6	ochenta y cinco coma seis
1.8	uno coma ocho|uno y ocho décimas
3,970	tres mil novecientos setenta
24.5	veinticuatro coma cinco|veinticuatro y medio
320.50	trescientos veinte coma cincuenta
1,000	mil
1,325,678.3	un millón trescientos veinticinco mil seiscientos setenta y ocho coma tres
9,145.75	nueve mil ciento cuarenta y cinco coma setenta y cinco
7,326.49	siete mil trescientos veintiséis coma cuarenta y nueve
54,937.82	cincuenta y cuatro mil novecientos treinta y siete coma ochenta y dos
12,587.92	doce mil quinientos ochenta y siete coma noventa y dos
321.99	trescientos veintiuno coma noventa y nueve
25,000.50	veinticinco mil coma cincuenta
2,750.23	dos mil setecientos cincuenta coma veintitrés
85.60	ochenta y cinco coma sesenta
99.99	noventa y nueve coma noventa y nueve
32.4	treinta y dos coma cuatro
15,000.50	quince mil | cincuenta centavos
79.95	setenta y nueve coma noventa y cinco
45,678.90	cuarenta y cinco mil seiscientos setenta y ocho coma noventa
503.23	quinientos tres coma veintitrés
299.99	doscientos noventa y nueve coma noventa y nueve
699.99	seiscientos noventa y nueve coma noventa y nueve
6.68	seis coma sesenta y ocho
2,100,000.75	dos millones cien mil setecientos cincuenta y cinco coma setenta y cinco
2,796.66	dos mil setecientos noventa y seis coma sesenta y seis
24,901.55	veinticuatro mil novecientos uno coma cincuenta y cinco
57.89	cincuenta y siete coma ochenta y nueve
32.15	treinta y dos coma quince
1,115.25	mil ciento quince coma veinticinco
44.68	cuarenta y cuatro coma sesenta y ocho
344.29	trescientos cuarenta y cuatro coma veintinueve
6.54	seis coma cincuenta y cuatro
452.78	cuatrocientos cincuenta y dos coma setenta y ocho
9.83	nueve coma ochenta y tres
250.50	doscientos cincuenta coma cincuenta
31.42	treinta y uno coma cuarenta y dos
850.50	ochocientos cincuenta coma cincuenta
250.80	doscientos cincuenta coma ochenta
43.20	cuarenta y tres coma veinte
4,810.45	cuatro mil ochocientos diez coma cuarenta y cinco
5.64	cinco coma sesenta y cuatro
1820.55	mil ochocientos veinte coma cincuenta y cinco
10.4	diez coma cuatro|diez y cuatro décimas
209.87	doscientos nueve coma ochenta y siete
5.50	cinco coma cincuenta|cinco y medio
21.0975	veintiuno coma cero nueve siete cinco|veintiuno con noventa y siete cinco milésimas
32.39	treinta y dos coma treinta y nueve
28,999.99	veintiocho mil novecientos noventa y nueve coma noventa y nueve
345.67	trescientos cuarenta y cinco coma sesenta y siete
123.45	ciento veintitrés coma cuarenta y cinco
176.89	ciento setenta y seis coma ochenta y nueve
3,674.89	tres mil seiscientos setenta y cuatro coma ochenta y nueve
165.8	ciento sesenta y cinco coma ocho
874,321.65	ochocientos setenta y cuatro mil trescientos veintiuno coma sesenta y cinco
828.03	ochocientos veintiocho coma cero tres
23.76	veintitrés coma setenta y seis
32.56	treinta y dos coma cincuenta y seis
6,543,210.98	seis millones quinientos cuarenta y tres mil doscientos diez coma noventa y ocho
345.62	trescientos cuarenta y cinco coma sesenta y dos
79.99	setenta y nueve coma noventa y nueve
8.24	ocho coma veinticuatro
3.89	tres coma ochenta y nueve
2,301.78	dos mil trescientos uno coma setenta y ocho
0.32	cero coma treinta y dos|treinta y dos centésimas
55.50	cincuenta y cinco coma cincuenta
50.99	cincuenta coma noventa y nueve
27.3	veintisiete coma tres
385.7	trescientos ochenta y cinco coma siete
29,999.56	veintinueve mil novecientos noventa y nueve coma cincuenta y seis
18	dieciocho
12.95	doce coma noventa y cinco|doce con noventa y cinco
78.21	setenta y ocho coma veintiuno
2,01.39	NA
36.7	treinta y seis coma siete
1,000.50	mil coma cincuenta
420.69	cuatrocientos veinte coma sesenta y nueve
28.34	veintiocho coma treinta y cuatro
15,690.78	quince mil seiscientos noventa coma setenta y ocho
22.75	veintidós coma setenta y cinco|veintidós con setenta y cinco
342,567.92	trescientos cuarenta y dos mil quinientos sesenta y siete coma noventa y dos
400.50	cuatrocientos coma cincuenta
12.5	doce coma cinco|doce y medio
120.62	ciento veinte coma sesenta y dos
1,295,076.63	un millón doscientos noventa y cinco mil setenta y seis coma sesenta y tres
320,487.89	trescientos veinte mil cuatrocientos ochenta y siete coma ochenta y nueve
7.23	siete coma veintitrés
25.68	veinticinco coma sesenta y ocho|veinticinco con sesenta y ocho
6,789.32	seis mil setecientos ochenta y nueve coma treinta y dos
19,997.99	diecinueve mil novecientos noventa y siete coma noventa y nueve
12,742	doce mil setecientos cuarenta y dos
5	cinco
1.47	uno coma cuarenta y siete
28.9	veintiocho coma nueve|veintiocho con nueve décimas
200.5	doscientos coma cinco|doscientos y medio
2,775.8	dos mil setecientos setenta y cinco coma ocho
7.25	siete coma veinticinco|siete y cuarto
250.5	doscientos cincuenta coma cinco|doscientos cincuenta y medio
1,500.7	mil quinientos coma siete
799.99	setecientos noventa y nueve coma noventa y nueve
1,800.50	mil ochocientos coma cincuenta
12,345.67	doce mil trescientos cuarenta y cinco coma sesenta y siete
132.09	ciento treinta y dos coma cero nueve
2,783.92	dos mil setecientos ochenta y tres coma noventa y dos
1,245.67	mil doscientos cuarenta y cinco coma sesenta y siete
4.23	cuatro coma veintitrés
98.76	noventa y ocho coma setenta y seis
27.89	veintisiete coma ochenta y nueve
876.54	ochocientos setenta y seis coma cincuenta y cuatro
120.87	ciento veinte coma ochenta y siete
5,678.99	cinco mil seiscientos setenta y ocho coma noventa y nueve
120.50	ciento veinte coma cincuenta
30.25	treinta coma veinticinco
10,000.15	diez mil coma quince
10.05	diez coma cero cinco|diez y cinco centésimas
3,245.12	tres mil doscientos cuarenta y cinco coma doce
2,461.54	dos mil cuatrocientos sesenta y uno coma cincuenta y cuatro
5,000.38	cinco mil coma treinta y ocho
1,111.11	mil ciento once coma once
76,543.99	setenta y seis mil quinientos cuarenta y tres coma noventa y nueve
1,200.35	mil doscientos coma treinta y cinco
32.59	treinta y dos coma cincuenta y nueve
15,500.25	quince mil quinientos coma veinticinco
1.21	uno coma veintiuno
4,500.90	cuatro mil quinientos con noventa
750,000.80	setecientos cincuenta mil coma ochenta
18.50	dieciocho coma cincuenta
5,600.75	cinco mil seiscientos coma setenta y cinco
0.77	setenta y siete centésimas
125.6	ciento veinticinco coma seis
65,432.12	sesenta y cinco mil cuatrocientos treinta y dos coma doce
49.9	cuarenta y nueve coma nueve
-3.4	menos tres coma cuatro
109.76	ciento nueve coma setenta y seis
85.99	ochenta y cinco coma noventa y nueve
25.5	veinticinco coma cinco|veinticinco y medio
344.1	trescientos cuarenta y cuatro coma uno
125.9	ciento veinticinco coma nueve
13.61	trece coma sesenta y uno
32.18	treinta y dos coma dieciocho
95.75	noventa y cinco coma setenta y cinco
23,450.12	veintitrés mil cuatrocientos cincuenta coma doce
35.8	treinta y cinco coma ocho
5000.25	cinco mil coma veinticinco
86.4	ochenta y seis coma cuatro
7.65	siete coma sesenta y cinco
168.9	ciento sesenta y ocho coma nueve
2.34	dos coma treinta y cuatro
297.7	doscientos noventa y siete coma siete
32.99	treinta y dos coma noventa y nueve
0.95	cero coma noventa y cinco|noventa y cinco centésimas
456.22	cuatrocientos cincuenta y seis coma veintidós
45.9	cuarenta y cinco coma nueve
26.78	veintiséis coma setenta y ocho
12,500.75	doce mil quinientos coma setenta y cinco
250.37	doscientos cincuenta coma treinta y siete
2794.61	dos mil setecientos noventa y cuatro coma sesenta y uno
75.25	setenta y cinco coma veinticinco
26.87	veintiséis coma ochenta y siete
1,000,000.89	un millón coma ochenta y nueve
220.5	doscientos veinte coma cinco|doscientos veinte y medio
823.6	ochocientos veintitrés coma seis
2.36	dos coma treinta y seis
139,822	ciento treinta y nueve mil ochocientos veintidós
340.45	trescientos cuarenta coma cuarenta y cinco
3,944.79	tres mil novecientos cuarenta y cuatro coma setenta y nueve
1,795.50	mil setecientos noventa y cinco coma cincuenta
21.3	veintiuno coma tres
99,999.99	noventa y nueve mil novecientos noventa y nueve coma noventa y nueve
15.26	quince coma veintiséis
50,000.37	cincuenta mil coma treinta y siete
91.44	noventa y uno coma cuarenta y cuatro
1,200.75	mil doscientos coma setenta y cinco
27.54	veintisiete coma cincuenta y cuatro
5,250.75	cinco mil doscientos cincuenta coma setenta y cinco
15,000.92	quince mil|quince mil coma noventa y dos
45,677.32	cuarenta y cinco mil seiscientos setenta y siete coma treinta y dos
8,350.26	ocho mil trescientos cincuenta coma veintiséis
70.25	setenta coma veinticinco|setenta y veinticinco centésimas
1,500.09	mil quinientos coma cero nueve
3,200.50	tres mil doscientos coma cincuenta
1,299.99	mil doscientos noventa y nueve coma noventa y nueve
112,345.67	ciento doce mil trescientos cuarenta y cinco coma sesenta y siete
11.54	once coma cincuenta y cuatro
86,881.4	ochenta y seis mil ochocientos ochenta y uno coma cuatro
8.3	ocho coma tres|ocho con tres
1,400	mil cuatrocientos
20,000	veinte mil
6.16	seis coma dieciséis
25.9	veinticinco coma nueve|veinticinco con nueve décimas
36,070	treinta y seis mil setenta
50,000	cincuenta mil
11.7	once coma siete
30.56	treinta coma cincuenta y seis
8.76	ocho coma setenta y seis
27.50	veintisiete coma cincuenta|veintisiete con cincuenta
53.29	cincuenta y tres coma veintinueve
82.34	ochenta y dos coma treinta y cuatro
45.78	cuarenta y cinco coma setenta y ocho
60.52	sesenta coma cincuenta y dos
23,450.99	veintitrés mil cuatrocientos cincuenta coma noventa y nueve
1,250.34	mil doscientos cincuenta coma treinta y cuatro
8.5	ocho coma cinco|ocho y medio
120.97	ciento veinte coma noventa y siete
3,276,500.25	tres millones doscientos setenta y seis mil quinientos coma veinticinco
3,500,000.50	tres millones quinientos mil coma cincuenta
32,987.75	treinta y dos mil novecientos ochenta y siete coma setenta y cinco
100	cien
600.75	seiscientos coma setenta y cinco
120.89	ciento veinte coma ochenta y nueve
1,500.34	mil quinientos coma treinta y cuatro
24.52	veinticuatro coma cincuenta y dos
109.9	ciento nueve coma nueve
660,430	seiscientos sesenta mil cuatrocientos treinta
28.87	veintiocho coma ochenta y siete
3,125.50	tres mil ciento veinticinco coma cincuenta
1,342.34	mil trescientos cuarenta y dos coma treinta y cuatro
28.5	veintiocho coma cinco|veintiocho y medio
167.2	ciento sesenta y siete coma dos
29,032	veintinueve mil treinta y dos
75	setenta y cinco
3.15	tres coma quince
5,000.25	cinco mil coma veinticinco
36,070.71	treinta y seis mil setenta coma setenta y uno
872,123.50	ochocientos setenta y dos mil ciento veintitrés coma cincuenta
22.56	veintidós coma cincuenta y seis|veintidós con cincuenta y seis
587,914.92	quinientos ochenta y siete mil novecientos catorce coma noventa y dos
6,614.68	seis mil seiscientos catorce coma sesenta y ocho
4.59	cuatro coma cincuenta y nueve
3,567.89	tres mil quinientos sesenta y siete coma ochenta y nueve
42.56	cuarenta y dos coma cincuenta y seis
35,987.61	treinta y cinco mil novecientos ochenta y siete coma sesenta y uno
23.87	veintitrés coma ochenta y siete
1500.67	mil quinientos coma sesenta y siete
2,875.34	dos mil ochocientos setenta y cinco coma treinta y cuatro
275,000.57	doscientos setenta y cinco mil coma cincuenta y siete
29,029.2	veintinueve mil veintinueve coma dos
243.02	doscientos cuarenta y tres coma cero dos
2,450.5	dos mil cuatrocientos cincuenta coma cinco
1,650,000.50	un millón seiscientos cincuenta mil coma cincuenta
3947.04	tres mil novecientos cuarenta y siete coma cero cuatro
1,254,987.34	un millón doscientos cincuenta y cuatro mil novecientos ochenta y siete coma treinta y cuatro
9,483.76	nueve mil cuatrocientos ochenta y tres coma setenta y seis
72.8	setenta y dos coma ocho
1.89	uno coma ochenta y nueve
185.50	ciento ochenta y cinco coma cincuenta
660,430.71	seiscientos sesenta mil cuatrocientos treinta coma setenta y uno
8.99	ocho coma noventa y nueve
7.1	siete coma uno
26.50	veintiséis coma cincuenta|veintiséis con cincuenta
4,500.80	cuatro mil quinientos con ochenta
1.75	uno coma setenta y cinco|uno y tres cuartos
2,800.25	dos mil ochocientos coma veinticinco
15.80	quince coma ochenta
178.90	ciento setenta y ocho coma noventa
250,000.67	doscientos cincuenta mil coma sesenta y siete
1,245.99	mil doscientos cuarenta y cinco coma noventa y nueve
245.87	doscientos cuarenta y cinco coma ochenta y siete
310,525.75	trescientos diez mil quinientos veinticinco coma setenta y cinco
3,000.20	tres mil coma veinte
62,000.10	sesenta y dos mil coma diez
2.1	dos coma uno|dos y un décimo
500,000.50	quinientos mil coma cincuenta
1.61803398875	uno coma seis uno ocho cero tres tres nueve ocho ocho siete cinco
15,750.25	quince mil setecientos cincuenta coma veinticinco
10,994.03	diez mil novecientos noventa y cuatro coma cero tres
0.99	cero coma noventa y nueve
28.63	veintiocho coma sesenta y tres
700.32	setecientos coma treinta y dos
19,000	diecinueve mil
36.8	treinta y seis coma ocho
23.54	veintitrés coma cincuenta y cuatro
12.67	doce coma sesenta y siete
82,103	ochenta y dos mil ciento tres
70	setenta
1,000.53	mil coma cincuenta y tres
56.78	cincuenta y seis coma setenta y ocho
100.25	cien coma veinticinco
1080.67	mil ochenta coma sesenta y siete
18,999.99	dieciocho mil novecientos noventa y nueve coma noventa y nueve
1,345.67	mil trescientos cuarenta y cinco coma sesenta y siete
250,000.50	doscientos cincuenta mil coma cincuenta
4.05	cuatro coma cero cinco
7,654.32	siete mil seiscientos cincuenta y cuatro coma treinta y dos
23,456.78	veintitrés mil cuatrocientos cincuenta y seis coma setenta y ocho
44.5	cuarenta y cuatro coma cinco|cuarenta y cuatro y medio
1,000,000.99	un millón coma noventa y nueve
30.57	treinta coma cincuenta y siete
167.3	ciento sesenta y siete coma tres
5.5	cinco coma cinco|cinco y medio
553.21	quinientos cincuenta y tres coma veintiuno
986.54	novecientos ochenta y seis coma cincuenta y cuatro
372.8	trescientos setenta y dos coma ocho
343.20	trescientos cuarenta y tres coma veinte
52.5	cincuenta y dos coma cinco|cincuenta y dos y medio
2.8	dos coma ocho|dos y ocho décimas
65,000.50	sesenta y cinco mil coma cincuenta
2,800.56	dos mil ochocientos coma cincuenta y seis
25.7	veinticinco coma siete|veinticinco con siete
8.90	ocho coma nueve
4,509.23	cuatro mil quinientos nueve coma veintitrés
2.7	dos coma siete|dos y siete décimas
175.5	ciento setenta y cinco coma cinco|ciento setenta y cinco y medio
31.9	treinta y uno coma nueve
260,000.25	doscientos sesenta mil coma veinticinco
27.86	veintisiete coma ochenta y seis
7.63	siete coma sesenta y tres
3.26	tres coma veintiséis
375,000.50	trescientos setenta y cinco mil coma cincuenta
38.5	treinta y ocho coma cinco|treinta y ocho y medio
450.75	cuatrocientos cincuenta coma setenta y cinco
45.76	cuarenta y cinco coma setenta y seis
38.72	treinta y ocho coma setenta y dos
237.89	doscientos treinta y siete coma ochenta y nueve
3,879,999.99	tres millones ochocientos setenta y nueve mil novecientos noventa y nueve coma noventa y nueve
215.7	doscientos quince coma siete
55.4	cincuenta y cinco coma cuatro
24.89	veinticuatro coma ochenta y nueve
599.99	quinientos noventa y nueve coma noventa y nueve
173,300.50	ciento setenta y tres mil trescientos coma cincuenta
2,451.80	dos mil cuatrocientos cincuenta y uno coma ochenta
465.34	cuatrocientos sesenta y cinco coma treinta y cuatro
1,250.75	mil doscientos cincuenta coma setenta y cinco
187.56	ciento ochenta y siete coma cincuenta y seis
20.32	veinte coma treinta y dos
24.50	veinticuatro coma cincuenta
8,654.32	ocho mil seiscientos cincuenta y cuatro coma treinta y dos
24.67	veinticuatro coma sesenta y siete
2,536.45	dos mil quinientos treinta y seis coma cuarenta y cinco
78.60	setenta y ocho coma sesenta
350,000.50	trescientos cincuenta mil coma cincuenta
200.75	doscientos coma setenta y cinco
20.2	veinte coma dos|veinte y dos décimas
456,789.01	cuatrocientos cincuenta y seis mil setecientos ochenta y nueve coma cero uno
5,585.72	cinco mil quinientos ochenta y cinco coma setenta y dos
2500.15	dos mil quinientos coma quince
180.75	ciento ochenta coma setenta y cinco
2791.84	dos mil setecientos noventa y uno coma ochenta y cuatro
3,700.99	tres mil setecientos coma noventa y nueve
-5.32	menos cinco coma treinta y dos
100.50	cien coma cincuenta
26.7	veintiséis coma siete|veintiséis y siete décimas
1,450,000.75	un millón cuatrocientos cincuenta mil coma setenta y cinco
50.56	cincuenta coma cincuenta y seis
12,567.89	doce mil quinientos sesenta y siete coma ochenta y nueve
18.6	dieciocho coma seis
120.85	ciento veinte coma ochenta y cinco
0.02	cero coma cero dos|dos centésimas
2,310.75	dos mil trescientos diez coma setenta y cinco
45.3	cuarenta y cinco coma tres
7,632.89	siete mil seiscientos treinta y dos coma ochenta y nueve
2.72	dos coma setenta y dos
2,600.5	dos mil seiscientos coma cinco
4.3	cuatro coma tres|cuatro y tres décimas
68.95	sesenta y ocho coma noventa y cinco
-2.3	menos dos coma tres|menos dos y tres décimas
245.25	doscientos cuarenta y cinco coma veinticinco
1,600,000.75	un millón seiscientos mil coma setenta y cinco
80.5	ochenta coma cinco|ochenta y medio
456.89	cuatrocientos cincuenta y seis coma ochenta y nueve
2.39	dos coma treinta y nueve
3,178,945.76	tres millones ciento setenta y ocho mil novecientos cuarenta y cinco coma setenta y seis
20.50	veinte coma cincuenta|veinte y medio
6,500.25	seis mil quinientos coma veinticinco
9,875.42	nueve mil ochocientos setenta y cinco coma cuarenta y dos
88.75	ochenta y ocho coma setenta y cinco|ochenta y ocho con setenta y cinco
3,145,923.67	tres millones ciento cuarenta y cinco mil novecientos veintitrés coma sesenta y siete
